hotel,city,adress,email,website,rate
Gleichner Inc,Bayramaly,11061 Haas Pass,alavielle0@imgur.com,booking.com,4
Daniel-Brakus,Yefimovskiy,41051 Caliangt Terrace,idimitriades1@printfriendly.com,google.co.jp,6
Trantow-Kerluke,San Miguel,725 American Way,jruffle2@google.cn,bandcamp.com,4
Roberts Inc,Anabar,17689 Lighthouse Bay Trail,hstoffer3@stanford.edu,addtoany.com,6
Bahringer-Ebert,Ashchysay,409 Shasta Circle,dmilroy4@boston.com,goo.gl,5
Simonis and Sons,Venilale,6 Arizona Pass,mbolitho5@gov.uk,umn.edu,6
Klocko LLC,Syevyerodonets’k,5369 Jackson Crossing,eshurrock6@friendfeed.com,comsenz.com,3
Klocko-Torphy,Kaoma,51 Delladonna Circle,rmelluish7@opera.com,stumbleupon.com,4
O'Kon-Doyle,San Juan,50 Reinke Court,ccaulket8@comsenz.com,ted.com,4
Jaskolski Group,Göteborg,995 Ludington Place,gskydall9@unc.edu,bandcamp.com,6
Schuppe-Kunze,Qiaobian,37 Glacier Hill Street,rbladesmitha@dropbox.com,youku.com,3
Jaskolski-Harber,Chrast,44 Scoville Avenue,eyoungmanb@wikia.com,mapquest.com,3
Runte-Kemmer,Dembī Dolo,1495 Crowley Place,aspillingc@dagondesign.com,tinyurl.com,6
Rice and Sons,Armen,1 Vernon Pass,fkeinratd@loc.gov,independent.co.uk,4
Flatley LLC,Leńcze,82 Utah Place,rungerechtse@java.com,php.net,1
Rau LLC,Camatindi,768 Village Park,pdunkerkf@netscape.com,walmart.com,6
Kassulke LLC,Chang’an,070 Warner Court,adaeng@salon.com,ted.com,4
"Olson, Reinger and Morissette",Changshan,4889 Jay Hill,cgreenwoodh@timesonline.co.uk,feedburner.com,4
"Shanahan, Kirlin and O'Kon",Zárate,851 Fallview Circle,mneashami@arstechnica.com,nydailynews.com,2
"Kuhn, Monahan and Hoppe",Penhold,5 Lindbergh Circle,lchethamj@mit.edu,wordpress.com,6
Armstrong LLC,Arcoverde,6 Judy Street,slineenk@wikia.com,ustream.tv,1
"Bode, Ryan and Howell",Panalingaan,18 Gale Point,jsamudiol@bbc.co.uk,sciencedirect.com,3
"Hintz, Krajcik and Parker",Zouma,0 Ryan Drive,mdiboldim@cyberchimps.com,histats.com,3
Rippin Inc,Pasirtundun,5971 Waywood Junction,hshawelln@blogtalkradio.com,hostgator.com,6
Collier-Wolff,Tawaramoto,9 Village Green Alley,dpestrickeo@nba.com,npr.org,5
"Skiles, Mann and Mraz",Bar,4 Dennis Alley,sdoumercp@oracle.com,bandcamp.com,1
Johnston Group,Nagornyy,053 Mayfield Crossing,sconcannonq@cnbc.com,google.com,4
Nolan-Johnson,Hato Mayor del Rey,48780 Hagan Pass,vtomkysr@kickstarter.com,hc360.com,6
Kuhlman LLC,Jefferson City,871 Oxford Junction,bgilardis@furl.net,java.com,4
Nitzsche and Sons,Tanbu,9428 Tennyson Point,mrafteryt@typepad.com,arstechnica.com,4
Kreiger Group,Pajagan,635 Mcbride Lane,hlindleyu@friendfeed.com,mit.edu,2
Hoppe-Mante,Governador Valadares,3 Pawling Avenue,mwheblev@msn.com,addtoany.com,6
Kunde Inc,Huaqiu,52 Luster Avenue,acleggw@list-manage.com,ehow.com,5
Bogisich and Sons,Karangan,8 Atwood Trail,sdebeauchempx@google.es,naver.com,4
Durgan-Gerlach,Vimmerby,26 Gale Parkway,brisdally@hp.com,fema.gov,6
Shields-Moen,Ancasti,8 Vahlen Court,ddurtnallz@ning.com,parallels.com,6
Torphy-Turner,Cholet,25 Quincy Terrace,lroache10@shareasale.com,qq.com,4
"Sipes, Altenwerth and O'Kon",Sidi Smaïl,2 Killdeer Court,iwieprecht11@gnu.org,archive.org,1
"Tremblay, Blanda and McKenzie",La Esperanza,8120 Golf Course Circle,clomen12@issuu.com,creativecommons.org,4
Hammes-Strosin,Huangge,843 Granby Alley,elongridge13@springer.com,epa.gov,3
Jaskolski LLC,Petit Raffray,1 Sutteridge Trail,oberget14@forbes.com,yelp.com,4
"Shanahan, Murazik and Kling",Áno Kalentíni,85 Logan Pass,blefriec15@twitter.com,yellowpages.com,6
"Moore, Gutkowski and Lebsack",Bidyā,74 Vidon Street,plujan16@kickstarter.com,bigcartel.com,5
"Witting, West and Hermiston",Bethel Town,66 Roth Court,socodihie17@nsw.gov.au,360.cn,6
Kertzmann Inc,La Loma,0 Sullivan Center,adobbyn18@comsenz.com,barnesandnoble.com,5
"Zieme, O'Conner and Halvorson",Ouzini,2715 John Wall Parkway,akunat19@nyu.edu,github.io,2
"Lang, Schmitt and Brown",Huacapampa,3 Brentwood Avenue,emccurtain1a@bluehost.com,hhs.gov,1
Fritsch-Halvorson,Hamburg,447 Elmside Circle,skilban1b@homestead.com,ezinearticles.com,4
Howell LLC,Töysä,22687 Rieder Alley,fwildin1c@bigcartel.com,t.co,6
Barrows and Sons,Praia,545 Burning Wood Point,kdimitrie1d@uol.com.br,nytimes.com,3
Renner Inc,Maych’ew,05 Golden Leaf Hill,ehartshorne1e@gnu.org,networksolutions.com,6
Wiegand-Friesen,Port Saint John’s,5339 Shoshone Pass,tseabrooke1f@irs.gov,jalbum.net,2
"Schmitt, Wyman and O'Hara",Gagarin,4 Oxford Trail,esukbhans1g@360.cn,artisteer.com,5
Schuppe and Sons,Pindorama,814 Glacier Hill Circle,hcrosio1h@topsy.com,github.io,5
Schmidt Inc,Tugu,31 Londonderry Alley,vtinston1i@aol.com,domainmarket.com,5
Nitzsche LLC,Kálamos,2787 Gale Parkway,ksouthwood1j@aol.com,java.com,3
Rempel-Ullrich,Hejiaping,480 Raven Alley,mdencs1k@reuters.com,google.fr,4
McCullough and Sons,Tempuran,164 Monica Street,jtease1l@dailymail.co.uk,nhs.uk,2
Anderson-Gulgowski,Shazhuang,937 Helena Point,rgoaley1m@google.com.au,joomla.org,2
Kuhlman-Denesik,Guangli,17 Del Sol Street,llube1n@geocities.com,ycombinator.com,4
"Braun, Dietrich and Ward",Hua Sai,3 Hermina Circle,ljako1o@forbes.com,etsy.com,1
Orn-Boyle,Kabin Buri,54602 Mcguire Trail,bhardy1p@e-recht24.de,wikimedia.org,6
Boyer and Sons,Jastrzębia Góra,12 Fairfield Point,pgiffaut1q@cdc.gov,businesswire.com,5
Marks-Lehner,Bereeda,6 Express Circle,fdibdale1r@gmpg.org,edublogs.org,3
"Bogisich, Wiza and Wisozk",Lokolande,06 Vahlen Point,acolthurst1s@scientificamerican.com,blogspot.com,5
Fahey LLC,Takanini,51692 Northridge Pass,cmarushak1t@dagondesign.com,is.gd,1
Towne-Steuber,Xiji,86481 Hudson Lane,wgoodley1u@wiley.com,cnn.com,2
Wyman-Wisozk,Yingdianjie,9 Burrows Point,dcartmill1v@4shared.com,hc360.com,1
Douglas-Ritchie,Zheleznovodsk,548 Alpine Park,gmaccumiskey1w@webmd.com,youku.com,3
Mills-Bartoletti,Douniani,15 Carey Court,fderyebarrett1x@va.gov,boston.com,2
Ward and Sons,Xinmin,3130 Warbler Park,tgatehouse1y@com.com,netvibes.com,6
Kuhic and Sons,San Antonio,03 Superior Street,akeming1z@ovh.net,adobe.com,3
Ward Inc,Studená,96 Clyde Gallagher Road,alomb20@usa.gov,amazon.de,2
Blick Group,Jiangshi,847 Truax Street,dmadgwich21@squidoo.com,cbc.ca,1
"Botsford, Stracke and Spencer",São Francisco,099 Katie Trail,egarbett22@homestead.com,technorati.com,2
"Reilly, Bergnaum and Crist",Šardice,9509 Valley Edge Hill,scronkshaw23@themeforest.net,yahoo.com,5
Boehm-McClure,Amsterdam,17877 Manitowish Point,jfarquhar24@people.com.cn,nydailynews.com,2
"Kuhn, Schaden and Fisher",Glasgow,057 Westport Road,adeferraris25@meetup.com,barnesandnoble.com,2
Nitzsche-Nolan,Camilo Aldao,7394 Sommers Lane,jbolver26@fema.gov,hp.com,4
Treutel and Sons,Locminé,459 Village Junction,cducastel27@cbslocal.com,fda.gov,6
Moore Group,Cibangun Tengah,24 Dwight Point,jgress28@mozilla.org,rediff.com,1
Wiza Group,Hehe,3 Elka Lane,nneely29@aol.com,vistaprint.com,1
"Kemmer, Feeney and Block",Moravský Krumlov,940 7th Crossing,mbointon2a@gizmodo.com,unesco.org,1
"Ziemann, Douglas and Feil",Nanterre,1552 Grayhawk Road,tsomerville2b@delicious.com,unesco.org,3
"Kreiger, Lueilwitz and Mertz",Paine,6857 Mccormick Road,amacer2c@oakley.com,google.ru,5
"Crona, Schmeler and Klocko",Spandaryan,811 Schmedeman Lane,vbarlas2d@themeforest.net,homestead.com,5
Kuvalis Inc,Cevicos,048 Colorado Crossing,kodlin2e@psu.edu,google.nl,5
Rath and Sons,Boxholm,95 Fuller Circle,ssandland2f@elegantthemes.com,wikipedia.org,3
Leannon-Medhurst,Ḩabūr,32 Emmet Court,iperchard2g@instagram.com,wired.com,1
"Connelly, Schuster and Kling",Lillers,6 Prentice Parkway,rdinwoodie2h@wikispaces.com,businesswire.com,6
"Harris, Ward and Walter",Huanan,936 Summerview Avenue,tclaydon2i@about.me,sfgate.com,3
Hayes-Littel,Jepara,835 Kenwood Pass,aocorrane2j@hp.com,mac.com,5
"Abshire, Kuphal and Kling",Shuigou,4 Norway Maple Crossing,abrosi2k@nyu.edu,yolasite.com,1
O'Keefe LLC,Sukolilo,385 Heffernan Center,rblomfield2l@phoca.cz,examiner.com,1
Cronin Group,San Vicente,8549 Barby Road,ksymers2m@microsoft.com,springer.com,6
Kautzer-Stiedemann,Ljusdal,054 Stang Drive,omcgahey2n@google.ru,cloudflare.com,6
"Kiehn, Miller and Heathcote",Dogbo,715 Northland Hill,dfursey2o@blinklist.com,paypal.com,1
Hyatt-D'Amore,Al ‘Ulá,1623 Valley Edge Court,ldepietri2p@purevolume.com,drupal.org,3
Kerluke Inc,Turbo,11 Main Terrace,omcjarrow2q@reddit.com,epa.gov,1
Hudson-Fritsch,Tielu,09 Eastwood Street,bbosence2r@xrea.com,barnesandnoble.com,3
Reinger Group,Bangelan,20913 Debra Court,konele2s@google.it,ca.gov,4
Howe-Feil,Yauca,46 Arrowood Court,bpaulack2t@hubpages.com,apache.org,5
Smith-Kemmer,Sölvesborg,9 Arkansas Way,myanyushkin2u@independent.co.uk,mashable.com,1
Wuckert-Runolfsson,Oslo,94 Quincy Street,rfaherty2v@barnesandnoble.com,hugedomains.com,2
"Rice, Kemmer and Nikolaus",Tuplice,485 Sundown Avenue,sbrandes2w@mozilla.com,clickbank.net,5
Kshlerin Inc,Dordrecht,06797 Nevada Pass,gepton2x@princeton.edu,rakuten.co.jp,6
Smitham LLC,Lubukgadang,3 Rigney Lane,jbernetti2y@hao123.com,163.com,6
Auer-Skiles,Yasynuvata,377 Old Gate Drive,cmithun2z@nhs.uk,webmd.com,3
"Bayer, Mayer and Bogan",La Charité-sur-Loire,824 Russell Trail,dhelix30@ftc.gov,wsj.com,2
Kertzmann-Brown,Mucllo,140 Mayer Crossing,jthalmann31@jimdo.com,studiopress.com,6
Stokes-Huels,Itabaiana,9115 Graedel Point,cbollon32@technorati.com,umn.edu,1
"Hilpert, Weber and Heathcote",Moquegua,31448 Buena Vista Terrace,agarm33@newsvine.com,merriam-webster.com,5
Jast-Parker,Itaberaí,3 Laurel Parkway,rames34@ucoz.ru,redcross.org,4
"Rodriguez, Schinner and Wolff",Inashiki,71798 Onsgard Terrace,gcummins35@mit.edu,nydailynews.com,2
Mayert-Murphy,Noyelles-sous-Lens,4124 Sauthoff Road,hdunbobbin36@xinhuanet.com,github.io,6
"Stoltenberg, Monahan and Price",Dairiti,7 Northport Hill,cfullman37@cnbc.com,ox.ac.uk,3
"Donnelly, Medhurst and Bruen",Älvsjö,46868 Kipling Terrace,cpayfoot38@biblegateway.com,smh.com.au,1
"Halvorson, Sanford and Ward",Xiabao,60146 Sunbrook Center,cantonutti39@is.gd,flavors.me,2
O'Hara LLC,Ipoh,1304 Fulton Pass,ltoffetto3a@blogger.com,walmart.com,4
Bahringer LLC,Pegões,74 Crescent Oaks Circle,pkeunemann3b@webnode.com,columbia.edu,2
"Bailey, VonRueden and Kovacek",Cabean,8683 Oneill Circle,jcotillard3c@deviantart.com,1und1.de,2
"Price, Blanda and Schmeler",Garmo,56694 Crest Line Lane,sfarrington3d@fastcompany.com,sourceforge.net,3
Emmerich-Ortiz,Keti Bandar,6449 4th Crossing,gthomann3e@topsy.com,skyrock.com,4
"Swaniawski, Conroy and Boyle",Jasień,9 Dwight Lane,ogladdis3f@blogs.com,icio.us,6
Kris-Gleichner,Karapyshi,2 Karstens Way,dcorson3g@constantcontact.com,craigslist.org,2
Moen Group,Badulla,1 Glacier Hill Way,dbaythrop3h@kickstarter.com,google.ru,5
"Price, Grady and Wisozk",Bobojong,867 Prentice Alley,dmapowder3i@apple.com,tinyurl.com,1
Roob and Sons,Fujinomiya,5474 Briar Crest Parkway,cattoc3j@cnet.com,fc2.com,4
Crooks-Upton,Phra Pradaeng,481 Grover Hill,bpenhall3k@prlog.org,earthlink.net,4
Aufderhar-Hauck,Solna,0 Maple Pass,ndaubney3l@altervista.org,google.ca,4
Beer Group,Nor Yerznka,23 Mccormick Park,aoganesian3m@smh.com.au,zimbio.com,1
"Pollich, Stroman and McLaughlin",Marumori,689 Jana Pass,yfluger3n@spotify.com,google.pl,4
Leffler-Gorczany,Cilangkap,7 Tennessee Lane,nbellam3o@cornell.edu,sina.com.cn,6
"Gaylord, Schiller and Schuster",Yanmenkou,381 Tennessee Center,rheinicke3p@sitemeter.com,51.la,2
McDermott and Sons,Ikoma,99 Loftsgordon Pass,sbenaine3q@wsj.com,merriam-webster.com,4
Krajcik Group,Kamaishi,3 Hoard Crossing,qsmaridge3r@europa.eu,shareasale.com,1
Considine Inc,Trélazé,41277 Basil Circle,emalham3s@weather.com,ihg.com,5
"Harber, Kutch and Rempel",Yurino,846 Nobel Junction,amingasson3t@uol.com.br,photobucket.com,5
Schuppe Group,San Miguel,5 Cambridge Crossing,cskottle3u@hostgator.com,sakura.ne.jp,3
Connelly Group,La Rochelle,457 Lake View Court,lbanfield3v@instagram.com,naver.com,2
Langosh and Sons,Bahía Blanca,4 Birchwood Street,sskipperbottom3w@addthis.com,cmu.edu,1
Boyer-Thiel,Guantang,82190 Delladonna Junction,fpreedy3x@adobe.com,yale.edu,3
"Heaney, Kertzmann and Dach",Plato,03712 International Parkway,jsisson3y@tripadvisor.com,moonfruit.com,3
Blick-O'Hara,Sidem,81633 Mariners Cove Terrace,abrownsell3z@cdc.gov,wordpress.com,3
Bailey-Konopelski,Khayr Kōṯ,596 Ludington Hill,ngilphillan40@wikispaces.com,spotify.com,3
Rohan-Purdy,San Cristobal,5 Canary Crossing,elightowlers41@jiathis.com,liveinternet.ru,5
O'Connell Inc,North York,1153 Jackson Avenue,sgleave42@illinois.edu,blogs.com,1
Becker LLC,Gumdag,9441 Melvin Circle,anaish43@unblog.fr,list-manage.com,6
Buckridge-Brakus,Tangyu,52 Messerschmidt Parkway,pmclugish44@marketwatch.com,toplist.cz,2
Maggio Inc,Doba,6 Ludington Parkway,raumerle45@free.fr,noaa.gov,3
"Hoppe, Berge and Rogahn",Vicente Guerrero,75 Cody Hill,jallcock46@webmd.com,hp.com,6
Sipes-Gottlieb,Lenghu,52 Sheridan Point,shullock47@godaddy.com,dagondesign.com,6
Reinger-Steuber,Uritsk,273 Meadow Vale Pass,mblaise48@nationalgeographic.com,gravatar.com,2
"Metz, Kshlerin and Gerlach",Gaurnadi,81 Hudson Circle,sdedomenici49@archive.org,va.gov,5
Blanda-Quigley,Lapuyan,09 Golden Leaf Point,wstreeton4a@hhs.gov,microsoft.com,6
Klocko Group,Kréstena,29619 Fisk Street,plepoidevin4b@bloglovin.com,wunderground.com,3
Roberts LLC,Talisay,8739 Eagan Parkway,fpiola4c@hhs.gov,indiatimes.com,6
Green-Cremin,Baon,9966 Brown Pass,pmutlow4d@craigslist.org,accuweather.com,1
Herman-Schimmel,København,1 High Crossing Park,emcgaughie4e@hatena.ne.jp,mlb.com,2
Skiles-Klocko,Puerto La Cruz,537 Waxwing Terrace,ycoppenhall4f@paginegialle.it,ibm.com,6
Wuckert LLC,Dengzishan,3295 Summit Circle,xbiever4g@miibeian.gov.cn,opera.com,3
"Hudson, Murazik and Lakin",Kwaluseni,0940 7th Avenue,ksydenham4h@hibu.com,artisteer.com,3
"Gusikowski, Schultz and Keeling",Kuantan,55 Harbort Street,epyvis4i@angelfire.com,wired.com,1
Goyette-Parisian,Limushan,4584 Jenna Lane,mgowland4j@digg.com,cmu.edu,5
Reichert-Gottlieb,Aş Şalw,88764 Spohn Trail,kjumont4k@yellowbook.com,hc360.com,3
King-Bogisich,Japerejo,46 Drewry Place,sclapperton4l@addthis.com,businessweek.com,2
Raynor Inc,Aksha,1961 Bultman Point,dsimakov4m@geocities.com,spiegel.de,3
Treutel-Fisher,Árta,8 Hollow Ridge Avenue,brodie4n@purevolume.com,google.com.au,6
Vandervort LLC,Alcanhões,8 Holmberg Circle,tatterley4o@opensource.org,ucoz.com,4
Bashirian Group,Shangjia,65 Commercial Place,mbasley4p@bbc.co.uk,hud.gov,5
"Monahan, Kulas and Carter",Zongzhai,97 Raven Place,cfarquarson4q@weibo.com,4shared.com,5
O'Conner Inc,Ōzu,5092 Schiller Drive,xmorcom4r@biblegateway.com,indiatimes.com,4
Rogahn Inc,Pengandonan,1256 Knutson Circle,mhacquel4s@privacy.gov.au,discovery.com,5
"Nader, Heller and Watsica",Zengtian,5192 Cascade Junction,lchancelier4t@list-manage.com,google.fr,3
Prosacco Inc,Majan,699 Gulseth Place,dantwis4u@ow.ly,de.vu,6
Krajcik Group,Fankeng,191 Red Cloud Center,jremer4v@gravatar.com,geocities.com,4
Bergnaum-Harris,Paris 10,3 Burrows Hill,pwhybrow4w@nytimes.com,spiegel.de,3
Gerhold Group,Nefta,4700 Jenna Court,wweaver4x@ask.com,infoseek.co.jp,2
Mills Inc,Cisoka,9 Morningstar Lane,zdalyiel4y@about.me,bravesites.com,2
Leannon Group,Simi Valley,169 Park Meadow Drive,schristophe4z@ocn.ne.jp,spotify.com,6
Schoen LLC,As Sālimīyah,5 Barby Drive,aucceli50@house.gov,nih.gov,4
Connelly Inc,Landivisiau,30365 School Lane,kvannar51@1und1.de,bloomberg.com,1
Littel and Sons,Temryuk,005 Harper Pass,yguilfoyle52@cpanel.net,hubpages.com,3
Blanda LLC,Liangchahe,35 Towne Road,lmacclinton53@tinyurl.com,pbs.org,6
Dickens Inc,Luoyang,32 Ludington Crossing,bpeyes54@posterous.com,virginia.edu,2
Bednar-Pfeffer,Poligny,982 Dennis Plaza,jschneidau55@goo.ne.jp,yellowpages.com,6
Cummerata Inc,Madīnat ‘Īsá,2 Riverside Parkway,dbeadon56@godaddy.com,com.com,2
Cassin-Simonis,Khorol,6256 Mockingbird Hill,mvint57@spotify.com,4shared.com,3
McGlynn Group,Kokterek,6688 Northland Point,dnormanvill58@desdev.cn,comcast.net,2
"Walker, Pfannerstill and Schmitt",Salt Lake City,36 Cordelia Trail,nkitchener59@nasa.gov,cdbaby.com,3
Moen Group,Sedkyrkeshch,352 Kedzie Parkway,mteaz5a@hexun.com,ocn.ne.jp,2
"Bechtelar, Schumm and Collier",Mūsa Khel Bāzār,41483 Warbler Point,alowdeane5b@hatena.ne.jp,xinhuanet.com,1
Streich-Green,Jomsom,09 Hooker Center,mburvill5c@tiny.cc,creativecommons.org,2
Monahan-Wolf,Gaoqiao,03 Independence Avenue,mprater5d@cbc.ca,icq.com,1
Gulgowski-Jaskolski,Zhanghua,2 Talisman Court,anannetti5e@flavors.me,cisco.com,1
Purdy-Rutherford,Takanosu,17816 Namekagon Place,tpavie5f@ftc.gov,apache.org,3
Rolfson-Jones,Serra da Boa Viagem,671 Larry Hill,jpengelley5g@oakley.com,nyu.edu,2
Predovic-Beer,Wanghu,93 Grayhawk Lane,dcornick5h@mediafire.com,clickbank.net,1
"Morissette, Hilpert and Mueller",Klisura,21 Kropf Street,tbeeswing5i@storify.com,tiny.cc,6
Rohan Inc,Kvissleby,1482 Onsgard Lane,edrohane5j@china.com.cn,blinklist.com,4
Torp and Sons,Yacimiento Río Turbio,52 Sage Crossing,tfilimore5k@altervista.org,hatena.ne.jp,3
"Gulgowski, O'Reilly and Wilkinson",Jiling,036 Marquette Crossing,tpiotrkowski5l@whitehouse.gov,angelfire.com,4
Ernser Inc,Spring,757 Hanson Alley,rpinshon5m@yolasite.com,mtv.com,5
Beier Inc,Hrazdan,52 Tomscot Parkway,ksynnott5n@umich.edu,columbia.edu,4
"Conroy, Schaden and Greenholt",Chahannao,83 Heffernan Terrace,edocker5o@istockphoto.com,vk.com,3
McGlynn-Wuckert,Sarvaš,62273 Hagan Lane,bflatte5p@a8.net,blogs.com,4
Smitham-Boyer,Daguyun,0319 Sheridan Way,brzehorz5q@mit.edu,wsj.com,2
Wyman-Koch,Santa Catalina,1 8th Drive,tbittlestone5r@engadget.com,indiatimes.com,1
"Swift, Johnston and Schmeler",Louriceira,8168 Hovde Circle,lworge5s@thetimes.co.uk,miitbeian.gov.cn,6
"Bosco, Moore and Balistreri",Olinda,765 Spohn Place,bgeist5t@google.de,state.tx.us,3
Price-Beatty,Itaqui,4 Goodland Point,tfoynes5u@yolasite.com,seesaa.net,5
Roberts and Sons,Yujia’ao,195 Ridge Oak Terrace,apoolman5v@delicious.com,rambler.ru,6
Beier-Mertz,Slunj,198 Hanson Pass,rhincks5w@upenn.edu,yellowbook.com,4
Nikolaus Inc,Chusovoy,483 Anderson Avenue,dbanfield5x@nih.gov,topsy.com,3
Gorczany Group,Baruta,8478 Claremont Drive,lghidoni5y@samsung.com,latimes.com,6
"Hahn, Marks and Ullrich",Asprángeloi,5378 Hudson Trail,osoule5z@ihg.com,dion.ne.jp,6
"Hammes, Lemke and Berge",Ugra,607 Birchwood Circle,fbartleet60@cornell.edu,ezinearticles.com,3
White Group,Higetegera,9 Jenifer Crossing,msive61@cnbc.com,alibaba.com,5
Rodriguez-Kovacek,Bąków,52464 Clove Court,wmulvin62@soundcloud.com,symantec.com,6
Ward-Mitchell,Zakamensk,935 Vermont Place,bjordeson63@ed.gov,altervista.org,3
Barrows-Emard,Alvaiázere,9 Park Meadow Lane,ksimmance64@timesonline.co.uk,php.net,3
"Stehr, Lemke and Rippin",Huzhen,4 Eggendart Circle,kpardie65@last.fm,elegantthemes.com,1
"Dibbert, Durgan and Terry",Hanfeng,049 Morrow Park,urosiello66@berkeley.edu,edublogs.org,5
Stokes LLC,Lenghu,720 Kipling Plaza,hbrusin67@stumbleupon.com,barnesandnoble.com,3
VonRueden-Leffler,Bandundu,3 Derek Alley,sfeldstern68@boston.com,goo.ne.jp,3
"Corkery, Thompson and Sipes",Dongtou,09 Reinke Crossing,gyakubovich69@time.com,forbes.com,6
Satterfield Group,Berlin,2972 Old Gate Street,bjellyman6a@fastcompany.com,theglobeandmail.com,3
Deckow and Sons,Salvacion,7707 Jackson Center,broderighi6b@oracle.com,omniture.com,3
Volkman-Roberts,Pondohan,69 Waywood Point,kchapling6c@baidu.com,reference.com,1
Kihn Group,Naha-shi,46928 Scoville Center,smcgaughey6d@weibo.com,about.com,6
"Schamberger, Hammes and Dibbert",Conroe,963 West Center,jgoudard6e@gizmodo.com,oakley.com,4
Harris and Sons,Portão,61386 Thompson Trail,rmcnutt6f@earthlink.net,google.com.br,5
"Jacobi, Hayes and Tillman",Santo Anastácio,567 Havey Way,llagden6g@mozilla.com,illinois.edu,5
Johns Group,Göteborg,86524 Raven Center,ccropper6h@unesco.org,ox.ac.uk,1
"Schamberger, Dietrich and McDermott",Aime,42 Bay Hill,aboddice6i@gnu.org,miitbeian.gov.cn,2
Bruen Inc,Savalou,09 Warrior Alley,twallas6j@nasa.gov,nyu.edu,6
Kemmer and Sons,Tegalwero,394 Nova Center,sgarwell6k@cbc.ca,printfriendly.com,2
Wolf and Sons,Cinyawang,2 Debra Way,kblachford6l@illinois.edu,unesco.org,1
Hintz-Crona,Ruma,5889 Michigan Court,mguilbert6m@oracle.com,github.com,4
Weber-Gleason,Gabi,4718 Veith Court,skidman6n@mysql.com,miibeian.gov.cn,1
"Bartell, Weimann and Nolan",Zhangzhishan,42183 Vahlen Alley,ogirogetti6o@nba.com,opensource.org,5
"Cormier, Schneider and Berge",Fresno,69686 Spaight Circle,ntarren6p@free.fr,walmart.com,1
Aufderhar-Jenkins,Chocz,753 Barby Terrace,aducket6q@lulu.com,pinterest.com,5
"Brakus, Emard and Kemmer",Madang,418 Wayridge Pass,tpemberton6r@cornell.edu,imgur.com,5
"Reinger, Davis and Shanahan",Huaqiao,608 Karstens Court,mravilious6s@arizona.edu,ovh.net,3
Stamm Inc,Fuyong,40782 Melrose Center,gdelafont6t@123-reg.co.uk,google.com.br,6
"Runte, McGlynn and Lowe",Batangtoru,81 Lindbergh Road,oskoughman6u@amazon.de,earthlink.net,4
Collins LLC,Galleh Manda,807 Katie Circle,dmckelvie6v@sfgate.com,cbsnews.com,6
Douglas-Graham,Pingxiang,2478 Almo Court,syansons6w@wikimedia.org,istockphoto.com,3
Kuphal Group,Lucé,5277 Anzinger Place,avivians6x@surveymonkey.com,fotki.com,2
Hamill Group,Kliwon Cibingbin,093 Rigney Way,mbuttress6y@berkeley.edu,craigslist.org,4
"Ebert, Nienow and Lang",Sievi,3 Lillian Place,jbardell6z@omniture.com,slideshare.net,1
Kreiger-Marks,Salaš Crnobarski,4694 Crescent Oaks Way,mhymer70@booking.com,ning.com,1
Kreiger-Steuber,Dawu,881 Northport Park,rjeenes71@umn.edu,flavors.me,6
Cruickshank Group,Santa Tecla,99154 Cherokee Road,acarruthers72@indiegogo.com,nba.com,2
Hilll-Abshire,Ovsyanka,7739 Village Street,fcallingham73@fema.gov,google.it,4
Ebert and Sons,Kuala Lumpur,2640 Clarendon Hill,bclewarth74@tripadvisor.com,php.net,5
Schneider-McCullough,Xiaojiezi,3405 Sundown Hill,mcondliffe75@salon.com,ca.gov,3
Cummings-Homenick,Kadoma,52 Fulton Circle,dfoxton76@unblog.fr,umn.edu,2
Heathcote Inc,Darungan,353 Welch Court,hshowering77@dot.gov,vinaora.com,5
Turner-Legros,Qiryat Shemona,10 Fordem Lane,kbaptista78@domainmarket.com,furl.net,5
Beer Inc,Fundão,196 Sunfield Street,mcrocetto79@devhub.com,msn.com,2
Donnelly-Effertz,Garmeh,88997 Mccormick Pass,rsawle7a@goodreads.com,google.cn,6
Herzog and Sons,Yangxunqiao,60 Schlimgen Court,cschooling7b@altervista.org,ameblo.jp,2
Hauck and Sons,Purificación,36 Farwell Junction,lcalven7c@barnesandnoble.com,ted.com,6
Quigley-Kreiger,Qitao,40 Hayes Circle,gcholmondeley7d@typepad.com,prweb.com,6
Bauch and Sons,Roissy Charles-de-Gaulle,1729 Coleman Center,kdallimore7e@nyu.edu,4shared.com,2
Brakus-Russel,Maunatlala,1 Thierer Junction,bgrindle7f@utexas.edu,salon.com,6
Herzog LLC,Nawābganj,85310 Norway Maple Circle,bwallett7g@hexun.com,huffingtonpost.com,1
Hansen-Durgan,Malainen Luma,8 Springview Road,gwestberg7h@bbb.org,bandcamp.com,2
Kreiger-Bailey,Moganshan,7959 Homewood Drive,tdufour7i@clickbank.net,deviantart.com,4
"Herzog, Koss and Cormier",Koson,06 Logan Crossing,hshailer7j@privacy.gov.au,com.com,6
Zulauf-Fahey,Cololaca,030 Northfield Junction,gdorbin7k@free.fr,wp.com,6
Koelpin Inc,Skulsk,43 Hauk Trail,lferrai7l@apache.org,ning.com,4
Kihn Group,Łętownia,78 Drewry Lane,ngirsch7m@techcrunch.com,ow.ly,1
Denesik-Mitchell,Brumadinho,97 Westport Terrace,mpezey7n@angelfire.com,cocolog-nifty.com,5
"Abernathy, Reynolds and Prosacco",Unquillo,0842 Arapahoe Drive,eparrott7o@drupal.org,altervista.org,6
Denesik and Sons,Cahuacho,581 Spenser Point,acanario7p@bandcamp.com,google.de,6
Vandervort-Swaniawski,Suncheon,9197 Sunnyside Parkway,rskellon7q@taobao.com,businessinsider.com,1
Bahringer Group,Lebowakgomo,354 Hauk Street,rbanting7r@earthlink.net,google.cn,1
Walker and Sons,Margaharja,2 Crescent Oaks Drive,lminghella7s@economist.com,cisco.com,2
Marks Group,Niños Heroes,9749 Blue Bill Park Way,tsture7t@alibaba.com,bbc.co.uk,4
Oberbrunner-Cremin,Turku,518 Emmet Point,iwadeson7u@ucoz.com,chron.com,3
"McCullough, Hayes and Bruen",Severo-Yeniseyskiy,59 Randy Lane,nteodoro7v@mashable.com,sciencedaily.com,2
Hayes-Wisoky,Pa Bon,82260 Northland Circle,jollenbuttel7w@altervista.org,goo.gl,1
"Botsford, Rowe and Gorczany",San Diego,39147 Lillian Drive,lmeineck7x@netscape.com,europa.eu,6
"Davis, Boyle and Crona",Igreja,15 Judy Point,mbrokenbrow7y@vimeo.com,wikipedia.org,6
"Bins, Hayes and Stehr",Yasothon,338 Eliot Lane,sbonsale7z@discuz.net,reference.com,2
Dooley-Olson,Pretana,6 Dryden Way,astollenberg80@go.com,samsung.com,6
Heller-Will,Malinovoye Ozero,6 Eggendart Place,hvina81@list-manage.com,mozilla.com,4
Hyatt-Wintheiser,Créteil,305 Stang Point,fkildahl82@vimeo.com,soup.io,4
Zulauf Inc,Ílion,06949 Almo Circle,mschulkins83@vk.com,cbc.ca,3
"Williamson, Hackett and Blanda",Sakassou,832 Iowa Hill,dfleetham84@springer.com,businessinsider.com,3
"Price, Cassin and Rosenbaum",Huashu,9 Rockefeller Center,mbandiera85@go.com,odnoklassniki.ru,3
Streich Inc,Lucban,309 Banding Road,hblasing86@yahoo.co.jp,smugmug.com,2
"Hintz, Weissnat and Pacocha",Borovoy,8 Grayhawk Lane,hlinnane87@stumbleupon.com,biglobe.ne.jp,6
"Wiza, Mante and Jacobs",Limoges,160 Crowley Center,kdavidman88@usgs.gov,1und1.de,4
Kutch Group,Kocēni,1 Charing Cross Alley,kboman89@tinyurl.com,ucla.edu,3
"Harber, McClure and Bogan",Haradzyeya,43 Delaware Street,pgawkroge8a@yolasite.com,utexas.edu,5
Roob-Fritsch,Rymättylä,7332 Knutson Way,kpawson8b@reddit.com,blogger.com,6
Farrell-Mueller,Balangpule,42 Butterfield Trail,ogreenshiels8c@elpais.com,gov.uk,1
"Nicolas, Altenwerth and Von",Amiens,83 Gale Terrace,rhubbis8d@xinhuanet.com,npr.org,3
Hane-Treutel,Sukamantri Satu,9 Dahle Road,dlochrie8e@latimes.com,usnews.com,4
"Shanahan, Bogan and Schmeler",Nangan,57440 Hayes Junction,dtame8f@bravesites.com,youku.com,5
Stracke Inc,Abade de Vermoim,5396 Merchant Center,gblakelock8g@hatena.ne.jp,apple.com,4
Friesen-Beatty,Tabanan,13 Vernon Parkway,bdisbury8h@furl.net,hao123.com,6
"Konopelski, Moore and Cormier",Banjar Bengkelgede,2 Leroy Point,mmacrannell8i@yelp.com,example.com,4
Dare and Sons,Lluidas Vale,8 Veith Lane,fsnedden8j@acquirethisname.com,nba.com,6
Carroll-Smitham,Suwalan,10 Monica Crossing,crymer8k@chron.com,quantcast.com,1
"Doyle, Funk and Morissette",Clermont-Ferrand,1267 Schurz Hill,oknapp8l@last.fm,delicious.com,3
"Hyatt, Mayert and Gorczany",Phaya Thai,5 Packers Terrace,wjewks8m@uiuc.edu,pen.io,2
"Collier, Cummerata and Hamill",Odiong,34237 Mallory Plaza,cwatkinson8n@cocolog-nifty.com,uol.com.br,1
"Runolfsson, Maggio and Dibbert",Fusagasuga,151 Blackbird Plaza,tmathewes8o@weebly.com,washingtonpost.com,1
"Wiza, Kovacek and Pagac",Bogale,702 Maywood Street,mdocharty8p@sbwire.com,prweb.com,6
Hodkiewicz-King,Yangkang,733 Delladonna Terrace,hgouley8q@addtoany.com,wsj.com,2
"O'Connell, Connelly and Boyer",Greystones,6 Kim Street,mdymocke8r@mit.edu,ycombinator.com,5
Conroy Inc,Topol’noye,59 North Avenue,jbompas8s@go.com,github.com,6
"Feil, Stamm and Dooley",Jinjiang,7392 Mcguire Pass,shannond8t@techcrunch.com,cisco.com,1
"Grant, Trantow and Satterfield",Guandu,2655 Kingsford Place,bbrawley8u@weebly.com,mediafire.com,1
"Hoppe, Franecki and Pfeffer",Ordynskoye,61 Hauk Place,hmarlin8v@yandex.ru,sina.com.cn,6
Franecki-Wuckert,Joliette,72418 Northridge Avenue,imacfadyen8w@ebay.co.uk,examiner.com,4
Haag-Ankunding,Panalingaan,328 Bluestem Center,lcubbini8x@cam.ac.uk,dropbox.com,2
"Keebler, Marvin and Osinski",Valdosta,2 Moose Way,cstittle8y@virginia.edu,over-blog.com,5
Mayert and Sons,Nice,227 Burrows Park,pdebow8z@about.com,mayoclinic.com,5
Glover Inc,Huagai,0 Arkansas Street,cgisburn90@digg.com,archive.org,3
Mayer-Collier,Guicheng,2803 Bultman Pass,etrelease91@simplemachines.org,theguardian.com,6
Ondricka and Sons,Orléans,7232 Rutledge Center,spilgrim92@intel.com,google.fr,4
O'Conner-Corkery,Bandjoun,127 Pierstorff Drive,bbattleson93@businesswire.com,delicious.com,3
"Pollich, Kihn and Lakin",Hengyang,29 Granby Crossing,gmorcombe94@geocities.jp,purevolume.com,5
"Pfeffer, Schaden and Kilback",Menanga,406 Loeprich Alley,gkmiec95@bandcamp.com,blogtalkradio.com,3
Boyle LLC,Roberval,799 Beilfuss Point,swestcarr96@statcounter.com,huffingtonpost.com,1
Rice and Sons,Kuala Terengganu,65179 Michigan Trail,jmunning97@upenn.edu,ucoz.ru,3
Rath-Gottlieb,Huyang,6872 Sherman Hill,mlobley98@ehow.com,etsy.com,4
"Mertz, Kub and Padberg",Rentian,16093 Southridge Road,ltapin99@ow.ly,networkadvertising.org,5
"Lockman, Oberbrunner and Lynch",San Pedro,28492 Service Circle,cwhatson9a@altervista.org,mtv.com,2
"Goldner, Ullrich and VonRueden",Sukonolo Krajan,45021 Iowa Center,pspeek9b@biblegateway.com,cornell.edu,3
Cartwright and Sons,E’erdun Wula,2870 Johnson Pass,tkubera9c@booking.com,mail.ru,5
"Hermann, Thompson and Turcotte",Monaghan,7365 Mendota Hill,fpresho9d@google.cn,ezinearticles.com,4
Stark and Sons,Wiązownica,5926 Meadow Ridge Park,rbeche9e@biblegateway.com,blogtalkradio.com,4
Lebsack Group,Kui Buri,0359 Ridgeway Street,bfleckness9f@dot.gov,youku.com,3
Blanda-O'Conner,Changning,53 Badeau Parkway,bhoopper9g@hc360.com,ycombinator.com,5
"Wintheiser, Abbott and Wisoky",Onitsha,5189 Mosinee Way,sfranca9h@mapy.cz,statcounter.com,4
Homenick-Kris,Gävle,5 Vidon Circle,lgrinaugh9i@clickbank.net,facebook.com,2
Beer-McGlynn,Bouillon,3398 Bartelt Court,jhryskiewicz9j@yandex.ru,livejournal.com,2
Willms-Bode,Crespo,065 Novick Center,tmilner9k@sun.com,godaddy.com,4
"Bechtelar, Keeling and Von",Primorsk,29 Ryan Place,mpalliser9l@ocn.ne.jp,umn.edu,6
Gerhold-Stiedemann,Kiuruvesi,78892 Toban Alley,mjahndel9m@youku.com,zimbio.com,6
Krajcik-Jaskolski,Daoukro,3271 Victoria Park,vmccaighey9n@privacy.gov.au,answers.com,4
"Beier, Grimes and Konopelski",Huangling,1 Rutledge Center,prutledge9o@statcounter.com,bloglines.com,5
Marks-Kozey,Yangyu,9 Homewood Avenue,aminillo9p@godaddy.com,tripod.com,2
"Block, Homenick and Nader",Sochaux,4116 Emmet Place,lorchard9q@smugmug.com,dmoz.org,5
Shields and Sons,Hongqi,83 Southridge Circle,clightwood9r@elpais.com,nyu.edu,5
Batz Inc,Puerres,338 Caliangt Road,mhughill9s@google.com.br,etsy.com,6
Lockman-Cassin,Clodomira,31370 Washington Circle,cwoodfin9t@google.co.jp,php.net,4
"Kihn, Graham and Kuhn",Metz,581 Armistice Place,wcollihole9u@bloglovin.com,moonfruit.com,2
O'Keefe-Prohaska,Al Jamīmah,35 3rd Place,meuler9v@yahoo.co.jp,ox.ac.uk,3
Vandervort and Sons,Tanjungbatu,55 Express Lane,ecostanza9w@booking.com,telegraph.co.uk,6
"Auer, VonRueden and Block",Zhongyuan,62 Blue Bill Park Park,happlewhite9x@stumbleupon.com,cargocollective.com,3
Olson Group,Ujae,7221 Laurel Plaza,khillen9y@yolasite.com,devhub.com,3
"Watsica, Considine and Blick",Biryulëvo,8573 Browning Lane,fcollinette9z@jimdo.com,google.nl,2
Trantow-Considine,Bergen op Zoom,3 Caliangt Park,mcrockatta0@hexun.com,dropbox.com,1
Braun and Sons,Huanggang,251 Longview Pass,bdrivera1@uiuc.edu,hud.gov,5
Frami LLC,Mytishchi,25 Roth Trail,ahurringa2@indiatimes.com,whitehouse.gov,2
"Sawayn, Trantow and Moen",Dukuhmencek Lor,40381 Maple Plaza,rjulyana3@jugem.jp,woothemes.com,4
Dare LLC,Mtsamdou,502 Starling Pass,gshopcotta4@hatena.ne.jp,blinklist.com,3
Schinner LLC,Sémé,52 Bartelt Trail,ahoolaghana5@live.com,deviantart.com,4
Jakubowski-Jakubowski,Port-de-Paix,29 Sauthoff Crossing,ihamletta6@ow.ly,canalblog.com,5
Zboncak Group,Calabaca,427 Trailsway Park,balvaroa7@slate.com,economist.com,3
"Schamberger, Denesik and Trantow",Boissevain,10 Elmside Park,jgodsala8@51.la,ow.ly,1
Nicolas Inc,Banatsko Veliko Selo,1360 Hauk Drive,fscollicka9@typepad.com,globo.com,1
Ernser-Hickle,Bajiazi,164 Dorton Place,dmoniniaa@amazon.de,icio.us,3
"Dooley, Welch and Botsford",Oka,96 Mandrake Crossing,rgarriganab@blogspot.com,ucoz.com,3
"Ferry, D'Amore and Wilderman",Aghajari,91557 Oak Circle,kkobpalac@so-net.ne.jp,ca.gov,2
"Boyer, Hodkiewicz and Wiegand",Sampaio,8360 Express Circle,fwayperad@cmu.edu,macromedia.com,2
Bashirian Inc,Wanganui,72530 Hollow Ridge Junction,ecambdenae@apache.org,google.it,3
Tromp-Upton,Montreuil,2 Glendale Trail,msabbenaf@sciencedirect.com,a8.net,1
Bednar-Kovacek,Krajan,7 Knutson Alley,zkeaveneyag@elegantthemes.com,google.fr,3
"Bode, Romaguera and Veum",Kimito,42 Iowa Crossing,dledekkerah@weebly.com,sun.com,5
Zulauf Group,La Habana Vieja,46 Burning Wood Avenue,laveriesai@smugmug.com,about.com,4
"Dietrich, Williamson and Hayes",Addis Ababa,18 Pennsylvania Terrace,atortisaj@accuweather.com,nhs.uk,1
Vandervort Group,Bedalewun,1399 Pierstorff Hill,mkinnardak@odnoklassniki.ru,weibo.com,2
"Powlowski, Mitchell and Beatty",Wangqinzhuang,566 Burning Wood Center,bharryal@bigcartel.com,google.cn,3
Schulist-White,Peranap,8659 Rowland Alley,llermoutham@deviantart.com,hexun.com,6
"Beahan, Dicki and King",Zamostochcha,47770 Hoepker Park,rmeekingan@baidu.com,biglobe.ne.jp,2
"Reichel, Bailey and Fay",Qŭshkŭpir,4311 Onsgard Park,eeuelsao@time.com,ustream.tv,5
O'Kon-Bechtelar,Bogolyubovo,04155 Old Shore Plaza,eburmasterap@purevolume.com,abc.net.au,2
Langosh Group,Taganrog,82604 Knutson Way,acliffordaq@hexun.com,berkeley.edu,3
Mertz-Stoltenberg,Adelaide Mail Centre,58 Dakota Circle,tgarsidear@free.fr,wix.com,1
Torphy-Jones,Sihe,103 Lukken Terrace,ktrobeyas@hibu.com,redcross.org,5
"Cremin, Wolff and Crooks",Domont,90680 Maple Circle,jfetherstonhaughat@shareasale.com,mozilla.org,4
Stiedemann-Zemlak,Strunino,895 Claremont Circle,rcongraveau@nhs.uk,usgs.gov,3
Heidenreich Group,Targanice,87948 Portage Lane,cwhysallav@cafepress.com,tamu.edu,5
Renner and Sons,Cap Malheureux,897 Barnett Drive,mjurkiewiczaw@telegraph.co.uk,aol.com,3
"Funk, Klocko and Zboncak",Lupak,394 Rusk Center,slambdinax@harvard.edu,adobe.com,2
"Schulist, Goldner and Hilpert",Rybatskoye,06 Derek Crossing,estickingsay@gravatar.com,go.com,5
Prohaska and Sons,Maych’ew,8147 Sullivan Lane,dboysaz@springer.com,ebay.com,1
"Beier, Shanahan and Hoeger",Sabadell,0 Hansons Lane,cneaversonb0@elegantthemes.com,chronoengine.com,3
Corwin LLC,Chão,02 Stephen Court,jchestnutb1@boston.com,booking.com,5
Kessler Group,Sukamulya,77740 Shoshone Court,mfraryb2@irs.gov,ucla.edu,6
"Orn, Kreiger and Harber",Alenquer,4 Reinke Circle,gbunnerb3@shutterfly.com,blogspot.com,5
Carroll-Gutmann,Zbraslavice,720 Trailsway Alley,dcradeyb4@redcross.org,wix.com,2
Kerluke-D'Amore,Benito Juarez,86 Rutledge Circle,mahernb5@wsj.com,blogspot.com,2
"Harvey, Ratke and Schultz",Frankfurt am Main,1 Derek Way,dbrumbleb6@nifty.com,adobe.com,6
Daugherty LLC,Ourovéni,091 Spenser Way,shawthorneb7@upenn.edu,imageshack.us,2
"D'Amore, Simonis and Grimes",Lianshan,21 Dixon Parkway,lholtonb8@wikimedia.org,vk.com,5
Torp-Feest,Oebobo,968 Evergreen Court,hwitcherleyb9@elpais.com,chronoengine.com,1
Franecki LLC,Néa Róda,06 Shopko Plaza,speacopba@cnbc.com,51.la,4
Windler-Hintz,Simpang Ulim,73 Arrowood Trail,nmcpeakebb@edublogs.org,dell.com,2
Hills-Bartoletti,Krzanowice,31317 Iowa Avenue,ewyettbc@google.cn,tamu.edu,4
Keebler-Cormier,Kiruru,92274 Stang Park,ibraimebd@whitehouse.gov,engadget.com,1
Lind LLC,Huacheng,84 Melrose Street,bleveebe@slate.com,so-net.ne.jp,2
Hahn-Reinger,Jixing,94588 Linden Center,pgosforthbf@prnewswire.com,google.ca,1
Dietrich Group,Volgograd,33408 Maple Terrace,bfomichyovbg@seattletimes.com,arstechnica.com,3
"Schumm, Harvey and Koelpin",Tapel,40 Main Terrace,dbohinbh@redcross.org,marriott.com,5
"Volkman, O'Kon and Deckow",Batanghari,5796 Clarendon Drive,msaulbi@soundcloud.com,java.com,2
Torp Group,Jiujianfang,1 Beilfuss Lane,mhedgerbj@technorati.com,intel.com,5
"Blanda, Bruen and Schumm",Ambatolampy,98370 Dwight Crossing,jlabrobk@mapquest.com,feedburner.com,5
"Nolan, Mills and Haag",Waterbury,27 Pankratz Drive,rmathesonbl@google.com.au,photobucket.com,6
"Gulgowski, Kling and Lueilwitz",Poconé,7 Jackson Trail,tpittembm@chicagotribune.com,xinhuanet.com,3
White Inc,Housuo,151 Buhler Hill,elondesboroughbn@gov.uk,spotify.com,3
Borer LLC,Curahpacul Satu,7803 Northridge Court,gdevalbo@smh.com.au,jugem.jp,5
Huels and Sons,Glondong,2642 Eagle Crest Alley,grountreebp@alexa.com,163.com,2
"Braun, Gerlach and Gutmann",Marcos Juárez,85815 Mcguire Junction,kdanneilbq@marketwatch.com,bluehost.com,1
Rowe-Nienow,Grimshaw,9 Fairview Drive,mhartusbr@chron.com,jigsy.com,1
Lockman Group,Yintang,85 Sunbrook Pass,vallewaybs@jugem.jp,taobao.com,4
"Bosco, Bahringer and Ullrich",Taoyuan,521 Blue Bill Park Trail,adwightbt@whitehouse.gov,census.gov,3
Deckow-Dickinson,Velyka Mykhaylivka,5 Chinook Court,pfollitbu@usatoday.com,washingtonpost.com,5
Gutkowski-Christiansen,Xiaoya,20437 Corry Avenue,kleverentzbv@so-net.ne.jp,berkeley.edu,2
Kessler-Reichel,Huangtan,5080 Rusk Plaza,twerritbw@xinhuanet.com,ameblo.jp,3
Nolan and Sons,Jinghai,5299 Canary Park,lbowlasbx@boston.com,prnewswire.com,2
Turcotte-Hansen,Jagistay,735 Arapahoe Street,lhaldeneby@paginegialle.it,google.de,6
"Grant, Rohan and Veum",Mashi,3 Scott Crossing,jdennickbz@rakuten.co.jp,fotki.com,3
Hand-Wiegand,Kolympári,30906 Meadow Vale Pass,caylingc0@netlog.com,yahoo.com,2
"Funk, Pacocha and Mosciski",Kemuning,9612 High Crossing Parkway,apetrovskyc1@imdb.com,oaic.gov.au,4
Emmerich Group,Banjar Buahan,8892 Kinsman Pass,jswinnc2@indiegogo.com,irs.gov,6
"O'Conner, Kihn and Considine",Karatau,15819 Anhalt Trail,apennockc3@wordpress.com,theatlantic.com,3
"Waters, Kreiger and Stoltenberg",Looc,3 Cascade Parkway,crealyc4@noaa.gov,drupal.org,4
Reynolds LLC,Slobodka,354 Loftsgordon Place,lpashec5@senate.gov,ted.com,3
"Connelly, Greenholt and Huels",Yuanmou,17102 Glendale Court,cdiblec6@columbia.edu,google.ru,2
Witting Group,Madruga,8 Chive Terrace,uhebbronc7@flickr.com,uol.com.br,3
Schamberger Group,Gansa,50 Marcy Alley,dmaddisonc8@wikimedia.org,ezinearticles.com,1
"Torphy, Crooks and Glover",Limoeiro de Anadia,85 Graedel Junction,dcarverhillc9@tmall.com,google.es,1
Macejkovic Inc,Longgang,896 Macpherson Court,hrannerca@linkedin.com,clickbank.net,3
Cassin LLC,Dabancheng,8 Vahlen Place,pstevensoncb@apple.com,163.com,5
Torp-Spencer,Guilin,608 Pankratz Drive,mcesconcc@bloglovin.com,skyrock.com,5
Dickinson-Reilly,Marsada,8678 Browning Park,lcorbyncd@trellian.com,plala.or.jp,6
Fritsch and Sons,Gaoshibei,2 Prairieview Parkway,bgaitonece@usnews.com,discovery.com,2
"Hauck, Johnston and Wiza",Bořitov,85538 Pennsylvania Drive,eburnetcf@1688.com,aboutads.info,6
"Schowalter, Bode and Strosin",Baoshan,70857 Petterle Crossing,mstanhopecg@ehow.com,soup.io,1
Becker-Hyatt,Xaçmaz,71582 Butterfield Trail,mpaylorch@whitehouse.gov,dell.com,2
Schinner-Ortiz,Orzu,7 John Wall Circle,bdipietroci@etsy.com,pbs.org,5
Wiegand-Streich,Daegu,4677 Butterfield Parkway,agunthercj@cbslocal.com,salon.com,2
"Hahn, Nader and Collins",Duobao,35609 Laurel Pass,nhaffordck@economist.com,edublogs.org,2
"Larkin, Treutel and Berge",Patique,9 Petterle Road,mrodgersoncl@bigcartel.com,last.fm,1
Kiehn Group,Borisovka,039 Melby Place,lsivyercm@123-reg.co.uk,oaic.gov.au,3
Lebsack-Lind,Hiseti,5403 Schiller Way,pshrivecn@mozilla.com,ucla.edu,2
Abernathy LLC,Gangkoujie,92 Miller Point,bflawithco@linkedin.com,unblog.fr,4
Mayer-McDermott,Asempapan,64 Katie Terrace,svinnickcp@xing.com,rakuten.co.jp,4
Bergstrom LLC,Tarīm,781 Dixon Parkway,dsapwellcq@un.org,admin.ch,1
"Walker, Beier and Kuvalis",Zuolan,8492 International Pass,dgorussocr@utexas.edu,princeton.edu,3
Rau LLC,Kalabo,41173 Jana Center,awatkincs@over-blog.com,tinyurl.com,6
"D'Amore, Hettinger and Bode",Rājbirāj,5934 Cody Point,dhawkeridgect@archive.org,dmoz.org,5
Ondricka-Gutmann,Huayana,261 Twin Pines Hill,hwoodwardcu@google.pl,ocn.ne.jp,2
"Spinka, Moore and Kertzmann",Mobara,224 Hauk Road,ssaintepaulcv@squarespace.com,plala.or.jp,4
Frami-VonRueden,Kao Liao,6814 Prairieview Junction,rlaffincw@globo.com,ucla.edu,3
"Renner, Boyer and Grady",Curug,13351 Maywood Trail,bhalledaycx@nytimes.com,mtv.com,1
"Powlowski, Nolan and Schimmel",Tushi,660 John Wall Center,swallettcy@deviantart.com,ftc.gov,1
"Stokes, Emmerich and Treutel",Taldykorgan,12 Maple Drive,cbernardescz@ftc.gov,tripod.com,6
"Wunsch, Smith and Auer",Seto,2474 Arizona Center,egrishenkovd0@time.com,newsvine.com,2
"Wilderman, Halvorson and Dickinson",Butha-Buthe,45477 Mockingbird Parkway,cslefordd1@dot.gov,google.com.au,6
Dibbert-Treutel,Tai Po,4172 Evergreen Circle,dgoodwelld2@unicef.org,vistaprint.com,4
"Hickle, Nader and Hegmann",Mazha,16511 Warner Pass,sduddend3@java.com,chronoengine.com,6
"Altenwerth, Rice and Corkery",Melchor Ocampo,191 Sommers Terrace,dguytond4@wisc.edu,macromedia.com,2
Kerluke-Cormier,Dama,6 Elka Court,mronischd5@nih.gov,pinterest.com,1
"Klein, Bruen and Kertzmann",Ansan-si,541 Hansons Lane,wlabbetd6@xrea.com,lulu.com,1
Corwin Group,Hatava,51066 5th Plaza,aomarad7@webs.com,amazon.de,2
"Waters, Batz and Kling",Vyaz’ma,759 Maple Wood Plaza,hfearickd8@samsung.com,yahoo.co.jp,6
Tremblay-Kling,Perístasi,9 Vahlen Junction,vmathisond9@un.org,bloglovin.com,1
Ruecker-Dare,Giồng Riềng,04 Anderson Road,lobertda@wordpress.com,addthis.com,4
Ziemann-Howell,Ditang,03946 Marquette Trail,lkisardb@artisteer.com,craigslist.org,6
Nikolaus-Weber,Břasy,078 Northfield Trail,nsimenetdc@nyu.edu,miitbeian.gov.cn,1
Stiedemann-Reichel,Cibaregbeg Dua,84 Vahlen Junction,grickaertdd@nih.gov,slate.com,5
Jones Inc,Iles,22853 Delaware Avenue,ryarrowde@photobucket.com,netlog.com,6
Schmidt and Sons,Takari,291 Crest Line Pass,wdevildf@wikipedia.org,about.me,3
Harvey-Schneider,Lolayan,69 Mariners Cove Road,cdebenedittidg@com.com,posterous.com,1
Stark-Schimmel,Paris 03,5 Grover Circle,mturgoosedh@networkadvertising.org,desdev.cn,1
"Schulist, Watsica and Bauch",Alzamay,8 Ronald Regan Terrace,sdalgardnodi@harvard.edu,mlb.com,3
Jacobson Inc,Agboville,6 Algoma Park,ggilloppdj@opera.com,delicious.com,3
Jacobi Inc,Hongshan,90 Drewry Park,hpeskindk@cisco.com,usnews.com,1
"Greenfelder, Fadel and Senger",Ikšķile,6 Ohio Court,svannaccidl@rambler.ru,studiopress.com,4
Quitzon LLC,Stare Miasto,83143 Sutteridge Terrace,mlindenbaumdm@quantcast.com,barnesandnoble.com,6
Schneider and Sons,Longwan,2541 Autumn Leaf Way,fjanoschekdn@narod.ru,yahoo.co.jp,2
Will-Senger,Zhaixi,5500 Charing Cross Way,bemonsdo@irs.gov,cdbaby.com,3
"Dicki, Willms and White",Yorii,83736 Green Ridge Point,eethridgedp@51.la,behance.net,5
Hudson-Parker,Agnibilékrou,96217 Ohio Place,lvincedq@reference.com,nationalgeographic.com,3
Howe Group,Muskegon,83206 Sundown Center,mrenndr@jalbum.net,slideshare.net,3
Rempel Inc,Yangchao,2300 Cascade Circle,rgrasonds@weibo.com,posterous.com,6
Parker-Schneider,Weda,7249 Loftsgordon Street,dleondt@wired.com,mozilla.org,3
Krajcik LLC,Baiqiao,68458 Spohn Point,sbacopdu@people.com.cn,blog.com,6
Homenick-Kub,Villa Atamisqui,2167 Ridgeview Parkway,ymunforddv@hao123.com,seattletimes.com,3
Orn-Kuvalis,Hualingang,11 Manufacturers Court,hguerrerodw@patch.com,si.edu,6
"Olson, Armstrong and Langosh",Menongue,95 Coolidge Alley,omelladewdx@t-online.de,berkeley.edu,2
Jaskolski LLC,Fengyang,6668 Barby Court,dpetlyurady@hc360.com,cbc.ca,3
Purdy-Cassin,Suining,03334 Stoughton Drive,jputtondz@cyberchimps.com,plala.or.jp,5
"Hoppe, Abernathy and Adams",Piúma,57 Grover Junction,onichole0@reddit.com,google.es,1
Bergnaum-Douglas,Sam Chuk,0696 Moulton Road,cgladdine1@hc360.com,mapy.cz,3
Corwin-Bechtelar,Marston,7354 Farragut Road,dmasseie2@github.io,webeden.co.uk,3
Maggio-Mertz,Shuishi,9 Milwaukee Point,glynskeye3@linkedin.com,bravesites.com,4
Hauck-Sanford,Oviedo,4038 5th Lane,uyeowelle4@bloglines.com,goodreads.com,4
"Stoltenberg, Jacobson and Bogisich",Cambé,77753 Hanover Plaza,jalphegee5@sphinn.com,pbs.org,3
Wehner-McKenzie,Tadmur,396 Loomis Way,gtreachere6@etsy.com,fotki.com,4
Schuster and Sons,Brušperk,32 Dakota Hill,bcatlinge7@ifeng.com,thetimes.co.uk,3
"Halvorson, Emard and Parker",Skoczów,32778 School Crossing,lwelbrocke8@ezinearticles.com,timesonline.co.uk,2
Towne Inc,Kuma,2227 Quincy Drive,mweekse9@bloomberg.com,wiley.com,3
Windler-Johns,Kumalarang,60052 Sutteridge Lane,rbeavenea@mediafire.com,deliciousdays.com,6
"Kulas, Feeney and Labadie",Singajaya,893 Coleman Way,gmcgrieleeb@sitemeter.com,dagondesign.com,6
Hauck-Koelpin,Norcasia,885 Stone Corner Circle,amacroryec@biblegateway.com,jimdo.com,1
Gaylord LLC,Arraial do Cabo,506 Browning Plaza,plaxoned@nbcnews.com,baidu.com,6
Spinka-Stroman,Pantijan No 2,87 Hanson Hill,mdedantesieee@cnbc.com,t-online.de,2
"Deckow, Schoen and Baumbach",Borek,3 Alpine Lane,kmatiashvilief@cnn.com,w3.org,6
Bergnaum-Kunze,Pawili,69658 Melrose Street,bmulqueeneg@hp.com,amazon.co.jp,1
Reinger Inc,Monte Redondo,448 Saint Paul Court,adybelleh@e-recht24.de,miitbeian.gov.cn,3
Von-Zboncak,Kratovo,3 Laurel Place,nallwellei@nps.gov,aboutads.info,6
Rath LLC,Springfield,382 Florence Parkway,pgillioej@cargocollective.com,hc360.com,2
VonRueden-Langosh,‘Ayn Ḩalāqīm,60430 Bonner Terrace,skindredek@mapquest.com,issuu.com,2
Ratke-Dicki,Changyi,3026 Gateway Avenue,msommerel@diigo.com,1und1.de,4
Conn-Quitzon,Songkhla,1218 Melody Crossing,bstanneringem@php.net,state.gov,4
"Cronin, Stamm and Gerlach",Sundsvall,77 Butterfield Court,lciannien@vimeo.com,lulu.com,6
Weissnat and Sons,El Crucero,839 Dexter Junction,amacgorrieeo@va.gov,census.gov,3
Krajcik-Yost,Ogden,03342 Arapahoe Hill,hjamsonep@gizmodo.com,businessweek.com,4
Lindgren and Sons,Cegłów,8 Doe Crossing Park,mvedmoreeq@wikimedia.org,netlog.com,4
"Jaskolski, Yost and Buckridge",Sączów,16057 Morrow Place,qbaddoeer@angelfire.com,google.com.hk,3
Conn and Sons,Chadan,76368 Old Shore Park,mjaggerses@jimdo.com,washington.edu,2
"Mohr, Davis and Zieme",Pyhäranta,881 Muir Hill,wlaffordet@wp.com,mapy.cz,4
"Kiehn, Bergnaum and Block",Vadstena,0373 Monica Road,ofaleyeu@gizmodo.com,gnu.org,3
Tremblay-Fahey,San Miguel,65727 Cascade Alley,adelatourev@princeton.edu,hp.com,6
Connelly and Sons,Ferreiros,132 Utah Road,ekyleew@samsung.com,list-manage.com,2
Kunde-Bednar,Otan Aiyegbaju,324 Briar Crest Road,aferrarettoex@lycos.com,e-recht24.de,3
Dicki-Boyle,Łękawica,160 Harper Park,agayeey@shop-pro.jp,sciencedirect.com,1
"Nicolas, Cremin and Boyer",Changxingbao,856 Judy Court,slangstrathez@soundcloud.com,ftc.gov,2
Von Inc,Hongxing,7717 Debra Court,jdymockf0@so-net.ne.jp,intel.com,6
Muller-Nolan,Hiratsuka,20 Bluestem Crossing,clidingtonf1@msn.com,xinhuanet.com,2
"Howell, Jast and Kuvalis",Gucheng,97893 Debs Place,rheinishf2@list-manage.com,godaddy.com,5
Feest Inc,Jambubol,6565 Clemons Way,cdriscollf3@slashdot.org,tinypic.com,3
Hauck Inc,Terra Chã,253 Declaration Crossing,sfifieldf4@zimbio.com,google.cn,1
Morar and Sons,Piribebuy,1 Heath Park,kmikof5@qq.com,4shared.com,6
Howell Group,Pak Phayun,27265 Meadow Vale Lane,eszymczykf6@uiuc.edu,lulu.com,2
"Gleason, Pagac and Maggio",Engel’s,41086 Manitowish Alley,hgehringf7@mozilla.com,cnbc.com,1
"Herman, Nicolas and McCullough",Maracás,80194 Katie Trail,jlewndenf8@amazon.com,etsy.com,3
Nolan-O'Kon,Prestea,88 Declaration Place,dmarcqf9@blog.com,t.co,1
Hayes-Jerde,Nangger,382 Messerschmidt Junction,tmesserfa@wikipedia.org,sohu.com,1
"Conn, Larkin and Brakus",Uherský Brod,0 Paget Street,idoddfb@howstuffworks.com,nyu.edu,6
"Quigley, Becker and Gislason",Michałów-Reginów,04 Service Park,lhurlstonfc@symantec.com,google.it,4
Bogan-Berge,Al Maḩallah al Kubrá,726 Holy Cross Parkway,smagennyfd@indiatimes.com,goo.ne.jp,2
"Emard, Schoen and Gorczany",Lakatnik,877 Jay Center,djollyfe@narod.ru,tripadvisor.com,4
Kozey Inc,Ibarra,16 Morrow Alley,lwalklateff@google.fr,dailymotion.com,3
Leannon LLC,Cobh,1 Moulton Way,frosinafg@wsj.com,ucoz.com,6
Altenwerth-Schroeder,Sanjiazi,70 Lawn Crossing,lrittelmeyerfh@wired.com,utexas.edu,3
Hegmann-Mayer,Ziliang,476 Paget Plaza,cgapperfi@bravesites.com,timesonline.co.uk,6
"Bashirian, Beer and O'Conner",Yuanqiao,15767 Reinke Junction,dmontrosefj@alexa.com,squidoo.com,6
Gibson and Sons,Marseille,73360 Iowa Hill,kwindlefk@biblegateway.com,opera.com,1
"Hermiston, Sipes and Parisian",Calde,48 Village Green Center,acisecfl@craigslist.org,ucoz.com,6
"Jaskolski, Schneider and Batz",La Ceja,8952 Oxford Trail,fwilprechtfm@ed.gov,php.net,2
Bailey-Hammes,Al Finţās,70057 Independence Pass,evellafn@opensource.org,tripadvisor.com,5
Parisian-Bogan,Hayange,79 Browning Trail,bdowdenfo@apple.com,sciencedaily.com,2
Kuhic-Haag,San Antonio Oeste,672 Lunder Circle,showefp@de.vu,naver.com,6
Hilpert-Treutel,Menglie,66430 Kinsman Center,oneillyfq@shareasale.com,photobucket.com,1
Nitzsche and Sons,Abbotsford,8971 Autumn Leaf Parkway,gvossfr@elpais.com,sfgate.com,3
Douglas and Sons,Xufu,824 Declaration Lane,llinnellfs@ihg.com,bandcamp.com,4
"Feest, Ziemann and Franecki",Huangguan,7664 Mendota Road,bdescoffierft@cornell.edu,mysql.com,2
Cummerata Inc,Lantian,0 Gateway Way,gknightfu@ameblo.jp,redcross.org,5
"Mann, Botsford and McKenzie",Oporapa,001 Westend Center,bkeanefv@dyndns.org,nba.com,4
"Thompson, Goyette and Abbott",Tarakaniv,1901 Alpine Parkway,ofieldsendfw@statcounter.com,upenn.edu,3
Parker Group,Rocky Mountain House,591 Golf Course Road,tioselevfx@wix.com,altervista.org,1
Wuckert-VonRueden,Pangkungparuk,760 Hoard Lane,cpohlsfy@google.fr,alexa.com,5
Kunze and Sons,Wucheng,8141 Birchwood Lane,jtieraneyfz@ebay.co.uk,constantcontact.com,2
"Hickle, Schneider and Schroeder",Dasht-e Lati,94 Charing Cross Center,adaultong0@ucoz.com,livejournal.com,3
"Stracke, Homenick and Hirthe",Le Mans,2789 Rieder Plaza,lsasserg1@etsy.com,scientificamerican.com,2
Padberg-Roberts,Quintas,9 Luster Way,hpetherickg2@newsvine.com,dmoz.org,3
Purdy and Sons,Pilaya,2802 East Junction,hlilleyg3@goo.ne.jp,nydailynews.com,3
"Dickinson, Kuhic and Schowalter",Stockholm,10289 Grasskamp Hill,moakeg4@4shared.com,cnn.com,6
Lueilwitz Inc,Jiangwakou,29450 Arapahoe Road,rrendallg5@ox.ac.uk,xinhuanet.com,1
"Cronin, Gleichner and Hirthe",Feliciano,5124 Oriole Junction,ggiacomazzog6@a8.net,about.com,4
Ritchie LLC,Kunčice pod Ondřejníkem,90374 Luster Way,kbroaderg7@ftc.gov,springer.com,1
Wilkinson-Cruickshank,Shanmuqiao,48 Drewry Pass,dlaversg8@hubpages.com,bloomberg.com,5
"Zemlak, Tremblay and Schaden",Santa Maria da Feira,582 Shopko Street,mhalwellg9@dailymotion.com,constantcontact.com,3
O'Hara-Blick,Antioquia,9351 Stuart Road,acordeletga@smugmug.com,goodreads.com,3
"Lowe, Hagenes and Kautzer",Tong’an,52 Grim Terrace,dcurteisgb@paypal.com,amazon.de,2
Parisian LLC,Santa Cruz do Rio Pardo,28484 Thierer Way,nreysongc@reference.com,discovery.com,5
Kshlerin Group,La Dorada,65965 Killdeer Street,echesworthgd@mtv.com,cdc.gov,3
"Bins, Flatley and Nolan",Krotoszyn,17 Moose Drive,gsandyfirthge@about.me,nbcnews.com,5
Krajcik-Dickens,Algeciras,4 Sage Lane,hbilbeegf@narod.ru,so-net.ne.jp,1
Bahringer-Huels,Bethlehem,37257 Vahlen Hill,egwaltergg@slate.com,blog.com,5
Schimmel Group,Souto da Costa,397 Brown Road,acristeagh@geocities.com,issuu.com,4
Keeling LLC,Bordeaux,626 Golden Leaf Road,ibissillgi@theguardian.com,ted.com,1
"Koepp, Harber and Schaefer",Tangpu,4766 Spenser Center,dentresgj@businessweek.com,wikispaces.com,2
Welch-Marquardt,Kuybyshev,94 Kropf Park,ncheeneygk@barnesandnoble.com,bloomberg.com,1
Barrows-Jerde,Silikatnyy,15 Manufacturers Place,blorinezgl@theglobeandmail.com,bigcartel.com,4
Predovic-Cole,Bandar-e Lengeh,8875 School Terrace,pmannockgm@zdnet.com,noaa.gov,6
"Huel, Cummings and Shanahan",Dallas,79533 Stuart Park,mkiddgn@hugedomains.com,archive.org,1
Towne LLC,Sumurwaru,72702 Lakewood Gardens Road,jpaulingo@washington.edu,topsy.com,3
Hintz LLC,Nagasaki-shi,7383 Golden Leaf Drive,vlanchburygp@bluehost.com,sun.com,5
Hand-Grimes,Rizal,57683 Stuart Parkway,mstoopgq@amazon.de,sohu.com,5
Tremblay-Huel,Strážná,7 Knutson Pass,tquickfallgr@java.com,virginia.edu,6
Kovacek-Schimmel,Krasnyy Klyuch,2092 Spohn Place,lpeerygs@domainmarket.com,hatena.ne.jp,5
Swift LLC,Soroca,8462 Waubesa Junction,hgrestygt@cnbc.com,nydailynews.com,5
Botsford-Balistreri,Vanves,091 Shelley Place,gtiesgu@elpais.com,elegantthemes.com,4
Altenwerth-Predovic,Aimorés,81549 Schmedeman Court,wmackgv@theatlantic.com,cyberchimps.com,4
Dickinson-Ernser,Tylicz,8 Scofield Alley,amagnusgw@google.de,infoseek.co.jp,1
"Dickinson, Funk and Crona",Shipunovo,649 Eggendart Point,acracknellgx@sitemeter.com,si.edu,5
"Homenick, Hermiston and Abbott",El Realejo,5807 Village Parkway,csafegy@meetup.com,jiathis.com,4
"Balistreri, Sporer and Volkman",Ngawi,19020 Eagan Junction,sspeakmangz@sphinn.com,taobao.com,4
"Gottlieb, Collier and Feil",Xiwu,5 Crowley Crossing,methelstonh0@ca.gov,lycos.com,2
Hilll-Kub,Banjar Ambengan,57 Bonner Avenue,bjoanaudh1@usda.gov,cyberchimps.com,5
"Upton, Harvey and Conroy",Liuzhi,3 Elka Circle,vimpeyh2@auda.org.au,jiathis.com,3
"Reinger, Keeling and Macejkovic",Yintang,3037 Kenwood Court,egilliceh3@mapy.cz,istockphoto.com,2
Abbott Inc,Uinskoye,0484 Rockefeller Parkway,ecantoh4@tinyurl.com,yolasite.com,2
Marks-Konopelski,Debre Werk’,42980 Toban Plaza,cohannayh5@phpbb.com,state.tx.us,4
Kovacek-Turcotte,Cikananga,888 Dapin Circle,hdedomenicish6@baidu.com,themeforest.net,2
"Wisoky, Jacobs and Collier",Siedleczka,591 Golden Leaf Alley,ntilburnh7@about.com,adobe.com,5
Ratke and Sons,Meijiang,344 Banding Hill,stitterellh8@360.cn,163.com,5
Feeney Inc,Tiraspol,5157 Holmberg Court,hkornalikh9@boston.com,apache.org,2
Lockman-Boyer,Volksrust,2 Texas Point,skinseyha@amazonaws.com,prlog.org,2
"Shields, McGlynn and D'Amore",Eshowe,097 Westport Way,lleydenhb@cpanel.net,vk.com,3
Marquardt-Dickinson,Jinbo,4774 Kensington Way,gwannanhc@bigcartel.com,yolasite.com,3
Marquardt-Willms,Abaetetuba,1528 Stone Corner Drive,ugiottinihd@geocities.com,mapy.cz,3
Toy-Rath,Zhexiao,27 Chinook Lane,tdouglashe@craigslist.org,adobe.com,2
"Volkman, Parker and Ratke",Talata Mafara,9421 Miller Alley,tbuntainhf@dailymotion.com,dailymail.co.uk,1
Beier-Schuppe,Uíge,19 Welch Hill,jmandelhg@scribd.com,cdc.gov,2
Runte Inc,Yuezhao,3 South Road,pyitzhokhh@devhub.com,earthlink.net,1
Towne-Hyatt,Nova Viçosa,94 Elka Center,riannuzzellihi@digg.com,bbb.org,4
Macejkovic Group,Além do Rio,572 Pine View Circle,evedekhinhj@php.net,noaa.gov,1
Kuhlman-Jast,Pingdi,8 Ruskin Way,emacneelyhk@si.edu,de.vu,4
Ondricka-Schimmel,Ban Na,79 Oak Avenue,foggershl@unblog.fr,wsj.com,3
Morissette Inc,Alor Setar,9047 Crownhardt Crossing,kdavidouhm@weebly.com,china.com.cn,2
Reilly-King,Picos,21 Longview Alley,wmedlenhn@foxnews.com,nationalgeographic.com,6
Collier-Ullrich,Qarshi,57 Pleasure Way,yhollebonho@infoseek.co.jp,friendfeed.com,5
Goldner Group,Jiepai,79757 Bonner Terrace,ttolerhp@privacy.gov.au,msu.edu,3
Medhurst Inc,Qiaozhuang,46 Meadow Ridge Place,atidcombehq@oracle.com,illinois.edu,3
Mitchell Group,Yartsevo,3934 Birchwood Drive,wlecounthr@purevolume.com,ycombinator.com,6
Price-Beahan,Camp Thorel,648 Sommers Circle,mlandeshs@163.com,loc.gov,4
Deckow-Mosciski,Lunyuk Ode,74008 Hagan Pass,hclaceyht@state.gov,google.ru,5
Hoeger and Sons,Digne-les-Bains,707 Buhler Parkway,lbradehu@mashable.com,slashdot.org,4
Boyle-Zulauf,Lebedinovka,55 Spaight Street,slathleiffurehv@reference.com,soundcloud.com,2
"Schaden, Kautzer and Reichert",Brezovica,0152 Kennedy Road,mdevershw@imageshack.us,stumbleupon.com,2
Graham-Fritsch,Shanmu,2236 Del Sol Trail,abaudinshx@youtube.com,ted.com,4
Macejkovic Group,Nggelok,186 Doe Crossing Road,mdenishy@weather.com,youku.com,6
Ortiz-Luettgen,Wawer,2786 Schlimgen Point,djouleshz@gov.uk,blog.com,2
Paucek-Wilderman,Wonocoyo Utara,55 Sherman Alley,araffeortyi0@ameblo.jp,blogtalkradio.com,5
Spencer LLC,Slovenski Javornik,19057 Commercial Point,cantoniottiii1@google.ca,gnu.org,2
Romaguera-Sipes,Robatal,2087 Rowland Lane,kscholcrofti2@biblegateway.com,cbsnews.com,4
"Hilll, Mueller and Tromp",Liên Chiểu,64273 Huxley Trail,kriddlesdeni3@huffingtonpost.com,tripod.com,6
Schamberger-Mohr,Barajevo,1 Mosinee Terrace,lfruddi4@usgs.gov,dedecms.com,1
"Fritsch, Nikolaus and Williamson",Ōmagari,30 Sunfield Place,jwinsiowieckii5@privacy.gov.au,devhub.com,5
"Sipes, Schmidt and White",Los Arcos,898 Eastwood Avenue,rivanovici6@weibo.com,census.gov,5
O'Kon Inc,Jarānwāla,360 Toban Plaza,lstjohni7@ebay.com,washingtonpost.com,5
Brekke-O'Reilly,Jutrosin,23 Weeping Birch Street,hgippi8@amazonaws.com,amazon.co.jp,1
Ebert-Gislason,Evansville,99019 Shasta Court,dleafi9@canalblog.com,slideshare.net,1
Shields Group,San Pedro One,66759 Columbus Court,nsartinia@nasa.gov,live.com,1
Schroeder Group,Estarreja,48 La Follette Trail,fduggenib@census.gov,intel.com,4
"Emard, Paucek and Spencer",Daze,56 Ryan Hill,agonnelic@businessweek.com,amazonaws.com,5
"Powlowski, Walter and Wyman",Brunssum,66160 Porter Center,olovewellid@virginia.edu,homestead.com,6
"Quigley, Blanda and Rutherford",Ermelo,558 Ilene Way,sruddockie@theatlantic.com,boston.com,5
Cole Group,Orzesze,6194 Bluestem Drive,npettetif@clickbank.net,slideshare.net,4
Howe and Sons,Alor Setar,390 Springs Court,larkwrightig@cloudflare.com,prnewswire.com,5
Mann-Streich,Stamford,63 Petterle Alley,dfaircleyih@arizona.edu,people.com.cn,6
"Kuphal, Treutel and Koepp",Calabaca,897 Grim Hill,kcarlensii@shutterfly.com,tumblr.com,3
Jerde-Veum,Arras,524 Monument Drive,smoultij@noaa.gov,howstuffworks.com,5
Stark Inc,Caldas,933 Hayes Way,bfarlambik@huffingtonpost.com,ning.com,2
"Larkin, Kemmer and Conn",Cachoeira do Sul,91958 Eagle Crest Plaza,ptunneyil@weather.com,about.me,6
Nicolas Inc,Jiaokou,0588 Elka Drive,aneillim@hexun.com,blog.com,2
Brekke Group,Sedatigede,71540 Bultman Lane,bnealandin@issuu.com,irs.gov,3
Homenick-Hickle,Leyuan,931 Alpine Crossing,fdowderswellio@example.com,blog.com,3
Lubowitz and Sons,Osa,8743 Johnson Plaza,ftomasekip@rakuten.co.jp,sun.com,2
Nitzsche-Cruickshank,Xilin,5789 Farragut Avenue,clochiq@delicious.com,reverbnation.com,5
Casper LLC,Nagrak,1 Heath Plaza,nhablotir@baidu.com,biblegateway.com,4
Von-Koepp,Bayanbaogede,2 Sherman Circle,ptalmanis@ebay.com,newsvine.com,2
"Pfannerstill, Parisian and Harvey",Érd,46 Dakota Drive,tanersenit@quantcast.com,usa.gov,3
Beier Group,Oslo,1913 Spohn Court,kteatheriu@shutterfly.com,yellowbook.com,6
Ortiz Inc,Fulong,92148 Kingsford Place,fayscoughiv@twitpic.com,flavors.me,6
"Skiles, Batz and Romaguera",Shencang,1 Onsgard Alley,dfollowsiw@mysql.com,pen.io,6
Boyer and Sons,Maripa,696 Morningstar Parkway,iullyattix@seesaa.net,eventbrite.com,4
"Eichmann, Lynch and Hintz",Kaytitinga,77 Bartillon Circle,wanthoneyiy@typepad.com,sun.com,6
"Grimes, Beier and Kshlerin",Basicao Coastal,2711 Colorado Park,jnewmaniz@comcast.net,about.me,1
McKenzie-Hills,Guéret,44 Dayton Alley,sdevonshirej0@nsw.gov.au,yellowpages.com,3
Legros-Reichert,Angao,93573 Wayridge Way,lpymmj1@alexa.com,msn.com,6
Stroman and Sons,Kalix,47662 Welch Junction,ndeackesj2@bloomberg.com,intel.com,3
Wuckert Inc,Makrychóri,178 Texas Way,ibartelotj3@linkedin.com,springer.com,1
Gusikowski Inc,Pikalëvo,60 Bobwhite Crossing,bscrimshawj4@delicious.com,amazon.co.uk,1
Sporer Group,La Punta,6607 Reindahl Court,tgoodlattj5@indiatimes.com,google.com.hk,2
"Schumm, O'Connell and Padberg",Vlachovo Březí,356 Clemons Park,crydej6@boston.com,deliciousdays.com,6
Cronin and Sons,Mouquim,04 Memorial Crossing,ofoulstonej7@dailymotion.com,sfgate.com,4
Cole LLC,Reims,5 Manufacturers Court,srowattj8@berkeley.edu,e-recht24.de,6
"Schuster, Bins and Feest",Bagombong,62 Canary Way,rmaciunasj9@sfgate.com,hc360.com,3
Halvorson Group,Heba,18195 Anzinger Road,gburtwhistleja@multiply.com,bigcartel.com,6
"Runte, Olson and Braun",Potikosin,67354 Canary Park,kdiddamsjb@plala.or.jp,un.org,2
Zemlak LLC,Khōst,834 Montana Pass,ltowlerjc@free.fr,cdc.gov,6
"Kutch, Rodriguez and Padberg",Wasogolo,95013 Kedzie Hill,snoadesjd@cafepress.com,cisco.com,1
"Wehner, Wolf and Ruecker",Bells Corners,2292 Mcguire Junction,amattevije@patch.com,europa.eu,3
Rohan-Schneider,Kyprínos,3375 Porter Junction,ebattisonjf@hud.gov,ftc.gov,2
Brakus-McClure,Coris,31460 Eagan Road,gferrejg@surveymonkey.com,twitter.com,5
Murphy-Deckow,Diré,73449 Charing Cross Pass,wmatussonjh@msn.com,google.com,5
"Bayer, Orn and Greenfelder",Oyonnax,91764 Hazelcrest Park,wmusprattji@nymag.com,netlog.com,1
"Ankunding, Schuppe and Greenfelder",Lingdi,0569 Harbort Alley,eearwakerjj@constantcontact.com,cam.ac.uk,2
Treutel and Sons,Gunajaya,42011 Chive Road,fidwalevansjk@uol.com.br,redcross.org,5
Glover LLC,Övertorneå,8 Coleman Road,mkegleyjl@noaa.gov,utexas.edu,6
"Morar, Gerlach and Nienow",Saint Petersburg,078 Lotheville Court,tspawelljm@joomla.org,wordpress.org,4
Marquardt Group,Buesaco,58 Loeprich Way,sbottonjn@e-recht24.de,mozilla.com,5
"Moen, Skiles and Murazik",Springfield,7 Manitowish Road,mpennycuickjo@addthis.com,yahoo.com,1
"Pfannerstill, Leuschke and Grady",Kajok,1 Lien Pass,askeatsjp@berkeley.edu,bravesites.com,6
"McLaughlin, Bahringer and Larson",Macon,6 Emmet Trail,esalsburyjq@pen.io,sun.com,1
Hoeger Inc,Muesanaik,5651 Harbort Hill,mhardinghamjr@histats.com,bing.com,4
Schaden-Berge,Chengqiao,31 Cambridge Junction,akendrickjs@vinaora.com,mozilla.org,2
Larson LLC,Armopa,45 Bashford Terrace,krendelljt@indiegogo.com,bravesites.com,4
"Walsh, Jacobi and Huels",Chigoré,4406 Stang Way,sbeerju@bloomberg.com,guardian.co.uk,3
Waelchi-Willms,Xitan,67720 Melrose Trail,dovernelljv@wp.com,gizmodo.com,5
Price LLC,Somba,3 Elka Way,hwatshamjw@smh.com.au,fotki.com,2
Grady Inc,Siaton,61379 Little Fleur Point,fhastedjx@newsvine.com,latimes.com,2
Huel-Jerde,Boulemane,30789 Kinsman Hill,oschimankjy@spotify.com,scribd.com,3
"Renner, Mueller and Kshlerin",Pefkochóri,54 Marquette Parkway,lsiviljz@creativecommons.org,e-recht24.de,4
Hilpert-Skiles,Tracal,6 Lakewood Hill,tprimakk0@qq.com,weebly.com,3
Rohan-Roberts,Bintang,9 Sugar Alley,ibiddlestonek1@sitemeter.com,cocolog-nifty.com,1
"Schmitt, DuBuque and Kuphal",Dadukou,36 Melody Alley,cspryk2@usatoday.com,etsy.com,4
Gutmann-Roob,Buenos Aires,4679 Gale Road,lthistletonk3@godaddy.com,etsy.com,2
Wyman and Sons,Shuya,32462 Mcbride Park,amatschkek4@jalbum.net,yelp.com,4
Weber LLC,Abū Sunbul,08 Summerview Way,pdiversk5@simplemachines.org,tumblr.com,2
"Lockman, Gusikowski and Rippin",Weiyuan,667 Swallow Lane,jlawlingsk6@nhs.uk,dion.ne.jp,5
Pollich Group,Lindavista,35052 Farwell Avenue,chansk7@pbs.org,simplemachines.org,4
"Kuhlman, Stehr and Shields",Al Muţayrifī,0 Heath Circle,jmalek8@themeforest.net,acquirethisname.com,2
Greenholt-Cremin,Ronov nad Doubravou,36 Mccormick Pass,pcolbrank9@scientificamerican.com,typepad.com,6
Larson and Sons,Venlo,95322 Magdeline Place,rhansedka@irs.gov,un.org,1
"Funk, Kris and Brekke",Sukumo,1 Elka Point,hrandalsonkb@apple.com,wordpress.com,1
Lowe-MacGyver,Ulaandel,4 Vernon Road,agimbrettkc@reddit.com,ifeng.com,1
"Turner, Hand and Brakus",Cumaná,9962 Sheridan Parkway,bwoolerkd@scientificamerican.com,whitehouse.gov,6
"Murazik, Kshlerin and Mohr",Khalkhāl,421 Cordelia Street,bberceveloke@g.co,yahoo.com,4
"Oberbrunner, Kuhic and Trantow",Paris 03,32702 Northland Circle,vrawcliffekf@csmonitor.com,ucoz.com,1
Hills-Mills,Birmingham,6510 Orin Parkway,ocreggankg@devhub.com,fastcompany.com,1
Huels-Beier,Kozmice,28 Haas Pass,zpaviakh@oracle.com,google.de,6
Streich-Hyatt,Puyo,8 Merrick Center,mpulsterki@booking.com,symantec.com,3
Nienow-Ryan,Sunduk,08993 Village Green Park,pdudeneykj@adobe.com,dedecms.com,6
"Keebler, Keeling and Rosenbaum",Song’ao,29416 Warbler Street,ntunacliftkk@biglobe.ne.jp,stumbleupon.com,4
"Dare, Kiehn and Murazik",Grzęska,4 Warrior Lane,tsharpleykl@abc.net.au,google.it,1
"Crona, Sanford and Bernier",Loyew,5082 Elka Plaza,tbelverstonekm@webnode.com,biblegateway.com,3
"Hessel, Schowalter and Braun",Suka Makmue,504 Bowman Road,easkeykn@nbcnews.com,liveinternet.ru,3
Cole Group,Xiangshui,342 Tony Plaza,cpinchonko@arizona.edu,github.io,5
"Torphy, Ledner and Parker",Povenets,17 Talisman Hill,myuryshevkp@spiegel.de,bloomberg.com,3
Senger-Runolfsdottir,Fendou,388 Pearson Alley,mbraynkq@youku.com,bloglovin.com,5
Cassin LLC,Huangqi,846 Sunnyside Crossing,dkempkr@wikimedia.org,soup.io,5
Beer-Lindgren,Siumate,5679 Old Gate Place,msouthcombks@redcross.org,joomla.org,3
Walter Group,Santa Cruz de Yojoa,25881 Butternut Park,jpickburnkt@usgs.gov,chicagotribune.com,5
Crooks-Gutkowski,Semey,9039 Ohio Alley,zhardieku@amazon.co.jp,shop-pro.jp,1
"Hills, Stoltenberg and Kihn",Västra Frölunda,5405 Stang Road,ivarahkv@businessinsider.com,theglobeandmail.com,1
Wisozk Group,Tanghua,36878 Hazelcrest Road,zkerswillkw@hostgator.com,oaic.gov.au,4
Muller-O'Reilly,Pampas,1447 Helena Junction,tianninikx@mapy.cz,cargocollective.com,2
Skiles Inc,Istres,03424 Westend Hill,lwardaleky@multiply.com,so-net.ne.jp,6
Robel-Wiegand,Rosetta,594 Walton Parkway,iflagkz@wunderground.com,privacy.gov.au,1
Breitenberg-Purdy,Parang,87523 East Crossing,ehoweyl0@forbes.com,wix.com,5
Carroll Inc,Padre Burgos,76080 Cardinal Center,amacdowall1@themeforest.net,guardian.co.uk,4
Russel-Koepp,Ballisodare,1 Farmco Plaza,iellertonl2@wordpress.org,addtoany.com,1
Mosciski-Bode,Zbraslavice,210 Messerschmidt Road,dkilduffl3@ucla.edu,nyu.edu,1
Stamm Group,Ta Phraya,7 Banding Drive,bassurl4@networkadvertising.org,ezinearticles.com,4
Bailey and Sons,Nehe,6522 Schlimgen Pass,rklicherl5@naver.com,naver.com,4
Wiza and Sons,Dadamtu,9878 Bonner Lane,msarfasl6@aol.com,hc360.com,6
"Champlin, Stark and Mueller",Kristiansand S,4421 Bartillon Lane,nfritschmannl7@trellian.com,admin.ch,5
Boyer-Pollich,Rybnoye,275 Granby Park,agrimsditchl8@csmonitor.com,mapquest.com,6
Hettinger-Crooks,Pasatan,07842 Anniversary Avenue,cjanosl9@blinklist.com,whitehouse.gov,5
Homenick-Kessler,Talisayan,2 3rd Plaza,gclementila@rakuten.co.jp,privacy.gov.au,1
Bednar-Pfeffer,Knivsta,80 Del Sol Point,nrankinelb@va.gov,noaa.gov,6
Lowe Inc,Salacgrīva,016 Elgar Point,lrosenblumlc@tinyurl.com,pinterest.com,2
Mitchell-Strosin,Quintães,60989 Huxley Avenue,ekernellld@about.me,bravesites.com,5
Bayer Group,Amqui,9 Thierer Way,dsoreaule@wiley.com,mashable.com,2
Sauer-Abshire,Líbeznice,9 Crowley Avenue,vtrinerlf@g.co,harvard.edu,1
Langworth-Borer,Zhoutian,37 Grover Plaza,cbalsdonlg@nyu.edu,loc.gov,2
Braun LLC,Benito Juarez,6 Dahle Hill,tfarnsworthlh@over-blog.com,opensource.org,1
"Hoppe, Kihn and Hettinger",Baton Rouge,7 Comanche Hill,agudgionli@amazonaws.com,discovery.com,5
Howell and Sons,Zilang,876 Stephen Circle,chambidgelj@microsoft.com,simplemachines.org,3
Beer Group,Luojiang,92766 Burrows Alley,schetwyndlk@imageshack.us,spiegel.de,4
Legros Inc,Prang Ku,2 Rieder Road,aklimowiczll@imgur.com,gov.uk,2
Halvorson Group,Jiangkou,1582 Jenifer Plaza,ostrowlgerlm@who.int,amazon.com,6
Kunze LLC,Stockholm,4 Sauthoff Alley,dwhitloeln@bravesites.com,webnode.com,6
Kub Inc,Serzedelo,094 Coleman Place,ssoutenlo@zdnet.com,pen.io,2
"Balistreri, McGlynn and Bechtelar",San José Poaquil,19891 Fordem Circle,nreeveleylp@1688.com,myspace.com,5
Carroll Inc,Zbraslavice,6 8th Court,wmcgouganlq@dagondesign.com,webs.com,5
Larson-Walker,Kebonagung,4995 Rowland Court,bfelminghamlr@weather.com,ucoz.ru,6
Homenick LLC,Apuri,75279 Sugar Alley,ljadczakls@bloglines.com,cbsnews.com,3
Howe and Sons,Jianmin,9 Northport Drive,fzoellnerlt@quantcast.com,pcworld.com,2
Doyle-Grant,Níkaia,1 Colorado Drive,wmcgloughlinlu@rakuten.co.jp,nhs.uk,5
Langworth and Sons,Shangyanzhuang,1 Fulton Drive,hbrasseurlv@histats.com,reddit.com,4
Bogan and Sons,Tân Hưng,13816 Northland Place,tyakovichlw@typepad.com,noaa.gov,2
Feeney-Torphy,Tyresö,49288 Northport Terrace,amoorwoodlx@de.vu,opera.com,3
Koch and Sons,Corral,9 Dunning Crossing,rkittimanly@sun.com,economist.com,6
Wunsch-Considine,Kinnula,0 Corben Avenue,slunamlz@list-manage.com,1688.com,4
Tillman-Lakin,Hitura,26 Elmside Crossing,wlefrancm0@fotki.com,canalblog.com,4
"Macejkovic, Luettgen and Grant",Los Angeles,202 Sage Trail,tdeclerkm1@histats.com,macromedia.com,6
DuBuque and Sons,Gwoźnica Górna,4 Monument Alley,churleym2@si.edu,about.com,5
"Mante, Reichert and Hudson",Chirongui,215 Hooker Park,rplummerm3@list-manage.com,gravatar.com,6
Veum-Conroy,Purwokerto,4731 Park Meadow Junction,eswindenm4@skype.com,newyorker.com,2
"Balistreri, Kris and Rutherford",Valle Grande,47 Kipling Point,aflattmanm5@umich.edu,github.io,3
Paucek-Hansen,Uppsala,5 Sachtjen Terrace,btapperm6@techcrunch.com,mayoclinic.com,3
McGlynn-Wunsch,Vihāri,16387 Leroy Point,jhurlestonem7@google.cn,loc.gov,2
"Brakus, Grimes and Mraz",Chamlykskaya,8 Ridgeview Terrace,bweldrakem8@networksolutions.com,marketwatch.com,5
"Heaney, Trantow and Stoltenberg",Huari,16 Armistice Lane,smckinlessm9@msn.com,istockphoto.com,1
"Jenkins, Nienow and Ziemann",Santulhão,90303 Hovde Terrace,ngeydonma@google.co.jp,jugem.jp,5
Wiegand-Hyatt,Lasi Dua,44 Birchwood Court,rsyredmb@senate.gov,foxnews.com,1
Lemke Group,San Miguelito,66014 Pawling Drive,dgittensmc@blogspot.com,twitpic.com,4
Wilkinson Group,Tyazhinskiy,6149 New Castle Court,mgrimesmd@blog.com,so-net.ne.jp,3
Strosin LLC,San Juan,171 Onsgard Hill,ecurrorme@nasa.gov,amazonaws.com,1
Wiza-Runolfsson,Facatativá,632 Anniversary Parkway,glovettmf@jugem.jp,xinhuanet.com,4
White Group,Laiguangying,772 Merchant Place,nwhitefordmg@imgur.com,weebly.com,6
Gottlieb Group,Nanortalik,641 Linden Trail,dakhurstmh@360.cn,domainmarket.com,2
McLaughlin-Leffler,Dadaha,87 Eliot Pass,ccystermi@webeden.co.uk,howstuffworks.com,5
Runolfsdottir Group,Dayou,09233 Dwight Circle,jbemlottmj@icio.us,jimdo.com,5
Carter-Brown,Shemonaīkha,33279 Morrow Hill,lgilluleymk@unicef.org,patch.com,6
Weber-Stehr,Una,76 Hayes Park,dbroadbentml@un.org,posterous.com,3
Franecki LLC,Jincheng,50292 American Parkway,mfronekmm@myspace.com,reuters.com,1
"Bayer, Gaylord and Volkman",San Sebastian,0795 Iowa Alley,rdunstermn@people.com.cn,springer.com,5
"Rogahn, Krajcik and Rodriguez",Täby,519 Heath Terrace,vszymanowiczmo@desdev.cn,about.com,3
Boyle LLC,Albert Town,496 Pankratz Hill,macostamp@flavors.me,boston.com,2
Upton-Vandervort,Sośno,7341 Morningstar Court,athomtsonmq@networksolutions.com,marketwatch.com,3
Turcotte and Sons,Neos Voutzás,9665 Maple Wood Avenue,lparnallmr@wiley.com,google.pl,1
Gutkowski-Schinner,La Valette-du-Var,62 Ramsey Junction,cgaifordms@newsvine.com,delicious.com,1
Klocko-Barton,Los Mangos,13 New Castle Plaza,thawkinmt@hhs.gov,springer.com,3
"Bergnaum, Borer and Raynor",Naushahro Fīroz,0142 Towne Plaza,tingsmu@youtube.com,dagondesign.com,4
King-Hoppe,Florida,569 Cody Court,efroggattmv@vimeo.com,reference.com,3
"Kunde, Robel and Harber",Hövsan,74 Starling Center,mdepietrimw@quantcast.com,list-manage.com,5
Volkman and Sons,Mompós,1 Erie Place,pcookmanmx@alibaba.com,nyu.edu,3
"Beatty, Kertzmann and Metz",Suso,17614 Lillian Crossing,oconnopmy@google.fr,cpanel.net,2
"Schneider, Botsford and Dietrich",Kaliterus,1412 Aberg Drive,pjakovmz@plala.or.jp,google.co.uk,1
"Kiehn, Rutherford and Legros",Ligonggang,5 Garrison Center,bdelaperrellen0@angelfire.com,typepad.com,6
"Auer, Senger and Boehm",Shuitou,4387 Raven Alley,bberfootn1@tripadvisor.com,amazonaws.com,5
Renner Group,La Libertad,75 Warner Road,gwhistonn2@so-net.ne.jp,hc360.com,1
Abbott Inc,Lyasny,9 Pleasure Junction,oheinishn3@timesonline.co.uk,mapquest.com,2
Russel Inc,Gumdag,98413 Old Gate Alley,hjanicekn4@npr.org,infoseek.co.jp,3
Gerlach-Boehm,Abades,34591 Mayfield Parkway,astockportn5@imdb.com,wp.com,1
Schmidt-Langosh,Lordegān,691 Monterey Alley,lkingdonn6@vinaora.com,hostgator.com,1
Orn-Cummerata,Medvedevo,63812 Nancy Drive,hoquirkn7@google.ru,elegantthemes.com,2
"Upton, Cormier and Crooks",San Sebastian,786 Meadow Ridge Center,kmarquetn8@gravatar.com,networkadvertising.org,6
Schmidt Group,Zubūbah,894 Ludington Point,nkrzysztofn9@nih.gov,creativecommons.org,6
Reilly LLC,San Jose,186 Monterey Crossing,tfozzardna@hugedomains.com,senate.gov,4
Huel-Schamberger,Radzanów,343 Columbus Center,ascrigmournb@ihg.com,europa.eu,6
Hickle-Schumm,Atok,68 Portage Lane,vmeniernc@cnbc.com,hhs.gov,1
"Pfeffer, Leuschke and Bayer",Batan,194 Shasta Way,lbesemernd@illinois.edu,google.ca,3
Raynor-Heaney,Komono,5254 Acker Point,jheakerne@toplist.cz,howstuffworks.com,2
"Schmitt, Bode and Emard",Bang Mun Nak,2 Bunker Hill Circle,jkillnf@slate.com,intel.com,6
Trantow-Sporer,Deqing,53 Michigan Trail,gzannotting@answers.com,flavors.me,5
Hoppe and Sons,Cervantes,2355 Debs Hill,gmossdalenh@loc.gov,reference.com,5
Rogahn and Sons,Kajaani,78 Forest Run Center,gmeddingsni@twitter.com,apache.org,3
Halvorson-Carter,Gœsdorf,0 Trailsway Trail,klukianovichnj@nature.com,va.gov,3
Koepp-Quitzon,Burgos,7 Knutson Trail,gmossmannk@squidoo.com,economist.com,5
"Schmeler, Gaylord and Berge",Sanya,9 Jana Court,sdrinl@digg.com,blinklist.com,4
Sanford-Balistreri,Matmata,2 Del Mar Court,dpenrittnm@squarespace.com,infoseek.co.jp,5
Beahan LLC,Alupay,91 Leroy Trail,biskownn@bing.com,foxnews.com,6
Stoltenberg and Sons,Mamer,21218 Vera Hill,lbennettono@answers.com,reverbnation.com,1
"Kuvalis, Eichmann and Nader",Meicheng,6 Delladonna Circle,gclemittnp@webs.com,yale.edu,2
Ankunding-Effertz,Pingkai,494 Daystar Point,wduplocknq@dedecms.com,sciencedaily.com,1
"Borer, Rippin and Will",Oni,6 Randy Drive,dbrewinnr@techcrunch.com,europa.eu,5
"Willms, Welch and Morissette",Napierville,173 Homewood Center,hblodgettns@alexa.com,desdev.cn,5
"Wiegand, Brekke and Kemmer",Boksitogorsk,66 Carberry Hill,tbullcocknt@seattletimes.com,netscape.com,4
"Zulauf, Rogahn and Williamson",Achada,2720 Graceland Court,kcrichmerenu@addtoany.com,google.fr,6
Nitzsche Group,Palaiseau,21768 Larry Place,tgoldennv@creativecommons.org,sina.com.cn,1
Christiansen Inc,Bar-le-Duc,96 Welch Street,wolivettinw@last.fm,people.com.cn,2
Wolff Inc,Changfeng,0801 Grayhawk Alley,aspeernx@homestead.com,angelfire.com,2
"Funk, Kerluke and Fahey",Лабуништа,59159 Messerschmidt Trail,eajeanny@washington.edu,pinterest.com,1
"Kuhic, Pagac and Becker",Nisí,39101 International Circle,glghannz@businessinsider.com,prlog.org,5
"Kertzmann, Bernhard and Jakubowski",Staraya Russa,2 Namekagon Drive,bburchello0@wordpress.org,smh.com.au,1
Bartell Inc,Bintulu,19 Havey Point,rpreddleo1@marketwatch.com,skype.com,6
Brown-Ullrich,Wailiang,2 Paget Parkway,kkobierrao2@ask.com,nps.gov,1
Greenholt and Sons,Bafoussam,1984 Washington Terrace,tanespieo3@ow.ly,ustream.tv,5
Turcotte-Towne,Punat,5828 Bluestem Trail,sruddlesdeno4@eepurl.com,google.ru,4
Konopelski-Cronin,Loma Bonita,1 Comanche Parkway,aalfonzoo5@china.com.cn,meetup.com,1
Friesen-Torphy,Sävedalen,38293 Pawling Crossing,pandrivoto6@stanford.edu,baidu.com,1
"Beahan, Cummerata and Prosacco",Hujigou,43182 Emmet Drive,ppearceyo7@wordpress.org,scribd.com,6
Morar-Reichert,Mafeteng,9466 Iowa Junction,kmelwallo8@google.pl,phoca.cz,4
Keeling Inc,Yur’yev-Pol’skiy,636 Badeau Lane,emacgoverno9@digg.com,dell.com,6
Haag Inc,Duozhu,24 Petterle Circle,sfossoa@indiegogo.com,army.mil,6
Murazik-Wilderman,Meiqi,180 Macpherson Plaza,mgaynesfordob@wiley.com,moonfruit.com,6
Bechtelar Group,Yumendong,48117 Mifflin Pass,hmallinderoc@columbia.edu,nba.com,5
"Casper, Prohaska and Tillman",Quận Bốn,91 Helena Junction,zsallissod@earthlink.net,msu.edu,5
"Hoeger, Dach and Stokes",Capela,5474 Stuart Trail,bboodleoe@shareasale.com,vistaprint.com,6
"Blick, Beatty and Anderson",Jirny,00 Columbus Street,mbrayleyof@princeton.edu,umn.edu,3
Lebsack Group,Kristianstad,70168 Graceland Court,ljonsonog@msu.edu,thetimes.co.uk,4
Harvey-Swaniawski,Xintai,98 Westport Trail,lyakushkevoh@gov.uk,csmonitor.com,4
"Bednar, Veum and Dickinson",Pelasgía,8636 Vermont Lane,lgrentoi@home.pl,bizjournals.com,6
Wunsch-Nader,Marolambo,664 Macpherson Point,bterronoj@state.tx.us,fc2.com,4
"Quitzon, Greenholt and Goodwin",Komyshany,7600 Susan Park,aohrtok@redcross.org,disqus.com,2
Metz-Rosenbaum,Oster,27776 Service Trail,hcapenerol@about.com,topsy.com,1
"Walsh, Bauch and Stoltenberg",Dalarik,20 Artisan Park,sgwillymom@newsvine.com,eepurl.com,3
Bogan Group,Qiaonan,38284 Summer Ridge Pass,ecoryndonon@sfgate.com,loc.gov,1
Altenwerth-Bruen,Kalipucang,9782 Harper Junction,evanleeuwenoo@buzzfeed.com,tripod.com,5
Murphy-Fahey,Nanbao,61073 Oak Valley Place,hwayperop@imageshack.us,tiny.cc,4
"Purdy, Feest and Mosciski",Navashino,1 Grayhawk Plaza,kzannelioq@twitter.com,unc.edu,5
Goodwin-Welch,Murfreesboro,453 Lake View Court,jfirkor@economist.com,cbsnews.com,1
McLaughlin Group,Witzenhausen,9758 Dennis Point,dgermanos@washington.edu,wikispaces.com,2
"Stoltenberg, Conn and Orn",Sidonganti,33 West Street,tkuhnelot@ow.ly,360.cn,4
Wuckert Inc,Ilembula,4149 Butterfield Terrace,shandforthou@spiegel.de,meetup.com,5
Keebler Inc,Gali,057 Butterfield Lane,cmurdieov@biglobe.ne.jp,vkontakte.ru,4
Fisher Group,Valence,26310 Maple Lane,acarineow@bluehost.com,dmoz.org,2
VonRueden-Monahan,Xianxi,4 Sherman Park,rwrenox@ted.com,gizmodo.com,3
"Conroy, Doyle and Kunze",Batojaran,6 Dryden Point,smardalloy@mayoclinic.com,fotki.com,1
"Kub, Nolan and McClure",Tupanciretã,67982 Shoshone Trail,shaldenbyoz@angelfire.com,timesonline.co.uk,5
"Heaney, Harber and Hammes",Beixiang,84173 Hazelcrest Way,rhousinp0@weather.com,google.pl,5
"Koelpin, Emard and Legros",Casal Novo,946 Little Fleur Drive,smcmasterp1@blog.com,wsj.com,1
Towne-Adams,Miura,20846 Petterle Park,lruosp2@jigsy.com,java.com,6
Fadel-Farrell,Quinta do Anjo,6 East Place,kdarbishirep3@nytimes.com,yahoo.com,3
"Ullrich, Reynolds and Kuhic",Wolongquan,56014 Dorton Street,omcgarviep4@latimes.com,sciencedaily.com,3
"Hilll, Herman and Bahringer",Kore,02701 Chive Circle,cwoodbridgep5@chronoengine.com,eepurl.com,4
"Stanton, Eichmann and Frami",Novotitarovskaya,6936 Loftsgordon Trail,colliep6@google.de,dyndns.org,3
Goyette-Swift,Huanghua,7 Moulton Way,kworsfieldp7@etsy.com,mlb.com,1
"Quigley, Gleichner and Zboncak",Tarko-Sale,6893 Tomscot Avenue,paberhartp8@github.io,cam.ac.uk,1
"Monahan, Nienow and Collins",Luzino,5537 Carioca Court,deneverp9@vimeo.com,mail.ru,6
Runolfsson-Douglas,Lizhuang,06 Park Meadow Center,keveredpa@ibm.com,walmart.com,3
Dooley and Sons,Fukiage-fujimi,7 Calypso Park,sfressonpb@1und1.de,fema.gov,6
"Adams, Jast and Spinka",Marialva,196 Nova Parkway,ebridsonpc@flavors.me,amazon.co.jp,1
Bartoletti-Bergstrom,La Roche-sur-Yon,11798 Granby Parkway,mleistpd@mayoclinic.com,mit.edu,1
Kemmer-D'Amore,Đà Bắc,3123 Anzinger Hill,lstrakerpe@posterous.com,cafepress.com,6
Trantow Group,Akunk’,04258 Forster Circle,acarwardinepf@youtube.com,parallels.com,4
"Daugherty, Bogan and Lebsack",Pasarkolot,2 Dakota Lane,ddearpg@ft.com,ameblo.jp,2
Swift Inc,Phalaborwa,72 Fallview Alley,sgarveyph@ycombinator.com,unblog.fr,3
Bauch-Ortiz,Peristerona,4 Walton Terrace,abriskerpi@devhub.com,dmoz.org,2
Hettinger-Nienow,Cajacay,452 Eliot Parkway,igarriquepj@hatena.ne.jp,yandex.ru,6
"Wolff, Trantow and Hackett",Ndago,4 Melvin Center,nharbottlepk@imdb.com,pagesperso-orange.fr,3
Farrell-Hahn,Santa Catalina,22 Independence Street,rdionisiopl@washington.edu,narod.ru,2
Lesch and Sons,Sujji,2849 Vernon Pass,cmossompm@va.gov,simplemachines.org,6
Pollich-Kuhic,Ngembak,32 Karstens Court,ewickersonpn@pen.io,yale.edu,5
Sauer-O'Conner,Darkton,1 Heffernan Hill,gleadespo@e-recht24.de,ocn.ne.jp,2
Jones and Sons,Leon,5889 Arizona Point,fwheelikerpp@mozilla.com,blogtalkradio.com,2
"Kilback, Ortiz and Daugherty",Bunga Mas,02 Northport Parkway,ndrawmerpq@msn.com,posterous.com,1
Kreiger-Schuster,Qiuchuan,20 Novick Junction,ghopkynsonpr@cam.ac.uk,sbwire.com,3
Nolan LLC,Krajan Gebangan,0114 Bultman Alley,dduranps@dagondesign.com,phoca.cz,6
Boehm LLC,Thị Trấn Kim Tân,056 Charing Cross Plaza,rgumarypt@netvibes.com,huffingtonpost.com,4
Beatty-Renner,Padej,38 Kropf Drive,fleilepu@shareasale.com,gizmodo.com,2
Hills and Sons,Sandaogou,74484 Manitowish Trail,rsilvermanpv@shutterfly.com,nsw.gov.au,6
Macejkovic Inc,Nangkapayung,0477 Sachs Lane,erableypw@51.la,tripod.com,5
Jacobs and Sons,Göteborg,0 Clove Court,htrazzipx@google.cn,businessinsider.com,2
Stark Group,Huangjindong,545 Schlimgen Drive,jyeardsleypy@sakura.ne.jp,wikispaces.com,1
Torp-Botsford,Xinji,1702 Morning Trail,rolubypz@reference.com,sitemeter.com,1
Gislason-Roob,Śniadowo,35756 Alpine Way,apatchettq0@homestead.com,last.fm,4
Stokes Group,Semënov,14 Merrick Crossing,ppetersonq1@indiatimes.com,usatoday.com,3
Bogisich Group,Esperanza,284 Granby Junction,vwoolesq2@over-blog.com,imageshack.us,3
Reichel-Sauer,Shiyuan,44009 1st Point,dlinfootq3@nymag.com,phpbb.com,5
"Schmitt, Rau and Pfeffer",Sufālat Samā’il,26830 Prairie Rose Avenue,htimnyq4@craigslist.org,4shared.com,2
Langworth-Luettgen,La Virgen,6 Crescent Oaks Court,csurgisonq5@deviantart.com,addthis.com,6
"Dibbert, Moore and Crona",Huazhou,3 Upham Street,vgreenawayq6@dyndns.org,yellowbook.com,5
Schmitt Group,Santa Iria de Azóia,0 Bultman Drive,mdumphryq7@chron.com,house.gov,3
Gutkowski Group,Wugui,5 Lerdahl Park,awakelamq8@upenn.edu,usatoday.com,3
"Fisher, Hettinger and Schneider",Santi Suk,84672 Coolidge Center,satheisq9@google.it,psu.edu,4
Dietrich and Sons,Marang,7 Darwin Alley,jmerrgenqa@1und1.de,de.vu,2
Kilback LLC,Refojos de Riba de Ave,0878 Hoffman Hill,bsprigingsqb@seesaa.net,alexa.com,1
Pfeffer LLC,Coalaque,96047 Thackeray Street,jgamageqc@smh.com.au,fastcompany.com,3
"Goyette, Ratke and Bauch",Skalánion,4611 Morning Crossing,jbaldacchinoqd@wsj.com,wiley.com,5
"Heller, Dibbert and Bauch",Jeblog Satu,20 Almo Parkway,ssymondsonqe@bandcamp.com,vistaprint.com,6
"Stanton, Lockman and Koepp",Linfen,7697 Summer Ridge Pass,dhebnerqf@cafepress.com,amazon.co.uk,3
Hartmann-Boyer,Kruševica,2 Oak Trail,ttoopqg@goo.ne.jp,icq.com,1
Nitzsche Group,Fengsheng,8328 Milwaukee Junction,rthairsqh@shareasale.com,home.pl,6
Hilpert-Bergstrom,Hanting,22730 Morning Place,vraymanqi@youtube.com,time.com,6
"Stamm, Conroy and Fahey",Quinta da Courela,784 Gateway Hill,tdooneqj@gov.uk,phpbb.com,3
"Rogahn, Krajcik and White",Panjakent,32141 Lyons Hill,dmcalorenqk@bloglovin.com,kickstarter.com,5
Lesch-Gleichner,Tonggu,4713 Harper Crossing,zgwylltql@marketwatch.com,oaic.gov.au,5
"Tromp, Emmerich and Padberg",Zhongxinqiao,4330 Armistice Court,anortheastqm@nationalgeographic.com,github.io,4
Kovacek-Tremblay,Lidian,659 Schlimgen Center,aspendloveqn@loc.gov,slashdot.org,4
Kemmer-Steuber,Saint-Bruno-de-Montarville,31 Paget Place,tparemanqo@intel.com,booking.com,5
"Armstrong, Jacobi and Volkman",Llusco,5 Lotheville Terrace,noleksinskiqp@163.com,t-online.de,4
Jast Inc,Ålesund,569 Hermina Point,dnurnyqq@nydailynews.com,pen.io,3
O'Hara-Schinner,Yixin,74283 Debs Lane,aallwardqr@deliciousdays.com,springer.com,3
"Mosciski, Cartwright and Langworth",Baojia,85041 Nobel Parkway,miskowqs@over-blog.com,engadget.com,5
"Stanton, Padberg and Keebler",El Rosario,1890 Prairieview Avenue,rpenburtonqt@usatoday.com,deliciousdays.com,1
Konopelski-Boyle,Angasmarca,4 East Hill,ctomovicqu@t.co,sciencedaily.com,2
Funk-McCullough,Midland,980 Dorton Street,rmannockqv@storify.com,mashable.com,2
Zulauf-Kulas,Huxiaoqiao,34856 Sherman Parkway,jguinanqw@theglobeandmail.com,mayoclinic.com,6
Gleichner and Sons,Hongcao,2 Grim Lane,mmablestoneqx@qq.com,about.com,3
MacGyver Inc,Michałów-Reginów,93 Dakota Plaza,knettingqy@de.vu,php.net,6
Corkery-Kulas,Huerta Grande,5 Cherokee Circle,lorrocksqz@pen.io,smh.com.au,4
Bailey and Sons,Sydney,9586 8th Lane,nosgarr0@forbes.com,myspace.com,2
McDermott LLC,Luoping,399 Jackson Crossing,afayerr1@gnu.org,yolasite.com,4
Strosin and Sons,Ji Paraná,0 Monterey Lane,fumneyr2@qq.com,buzzfeed.com,2
Sporer LLC,Chengzhong,429 Schiller Lane,bganderr3@devhub.com,arizona.edu,3
Runolfsdottir LLC,Villa Santa Rosa,62 Birchwood Place,acardenr4@shop-pro.jp,parallels.com,3
Bogisich Group,Lanta Timur,4390 Springs Circle,rfairweatherr5@mediafire.com,dion.ne.jp,2
"Grady, Wiza and Goyette",Noyon,4007 Mockingbird Terrace,telkinsr6@miitbeian.gov.cn,github.io,4
Ernser-Beer,Mulanje,82 Sherman Avenue,ldeclairmontr7@ft.com,webeden.co.uk,6
McDermott Inc,Sovetsk,348 Summerview Park,fgulstonr8@g.co,utexas.edu,5
"Grimes, Schiller and Rowe",Topchikha,4159 Tennessee Pass,omusellir9@businesswire.com,1688.com,4
Schamberger-Heaney,Tahilt,2787 Bashford Point,moliviara@sakura.ne.jp,booking.com,6
"Grady, Buckridge and Satterfield",Bocaiúva,0 Basil Trail,cgerritrb@indiatimes.com,google.it,2
Kilback-Schmeler,Molugan,44 Meadow Ridge Avenue,gkurtonrc@sourceforge.net,wix.com,4
Adams and Sons,Bánica,7 Morrow Alley,ajumeaurd@networksolutions.com,answers.com,2
Nicolas and Sons,Regulice,320 Mosinee Junction,bwoolerre@rakuten.co.jp,tuttocitta.it,6
Koch-Wisoky,Genève,3 Bluestem Lane,esirmonrf@aol.com,1688.com,6
Reichel Inc,Cataguases,92 Thackeray Circle,dcassierg@ebay.com,gravatar.com,1
"Hegmann, Cartwright and Greenholt",Hörby,505 Bayside Crossing,phoffmannrh@yahoo.com,youtube.com,3
"Frami, Klocko and Hettinger",Patimuan,86 Erie Road,hegleofgermanyri@un.org,weather.com,5
"Romaguera, Kub and Okuneva",Castle Bruce,26824 Hollow Ridge Circle,aspearrj@sbwire.com,fda.gov,3
Leffler and Sons,Qanliko’l,92 Morningstar Lane,fbeynonrk@plala.or.jp,xinhuanet.com,3
Hammes LLC,Jiayuguan,2 Buell Terrace,fpackingtonrl@dyndns.org,sciencedaily.com,4
Fahey-Kirlin,San Vicente,704 Merchant Center,rcalderorm@mac.com,odnoklassniki.ru,1
Lang-Glover,Zlatoust,0 Golf Course Junction,jfiddimanrn@wp.com,howstuffworks.com,1
Braun-Yost,Saint-Brieuc,8 Norway Maple Parkway,medowesro@upenn.edu,wisc.edu,4
Ruecker Group,Pokhara,1 Tony Point,drubinowitzrp@ftc.gov,hubpages.com,5
"Murphy, Schimmel and Hegmann",Szamotuły,4603 Dovetail Road,vaguirrezabalrq@google.co.uk,noaa.gov,3
Hudson Inc,Tsovazard,27622 Bartillon Trail,jkemerr@com.com,etsy.com,3
